colacl	public.sessions.activity_version	05d77bbd1c0e4f4f12876ad36ace8db1
column	public.admin_alerts.alert_type	6e40aa2833df081191a97f67412bb7c6
column	public.admin_alerts.created_at	79b80ae64e225845084376b778edad62
column	public.admin_alerts.data	8fd1f50f349a62b33080a8019157df41
column	public.admin_alerts.id	44fdfba33b133fb478c0a6a4537280fa
column	public.admin_alerts.message	c0faea85d6dbc008ae0ccd53846cac84
column	public.admin_alerts.read_at	ab3286c2a756c08460edacb58dd198b8
column	public.admin_alerts.resolved	bd68d6dfe403e11fedc523d4bc34eaa2
column	public.admin_alerts.resolved_at	3915fe93b67e2fcb2c03db586361f953
column	public.admin_alerts.severity	f96e2b87f5e94cf4bf2d62504c181a73
column	public.admin_alerts.tenant_id	230a72c319d0779ac725c1da031a9ad3
column	public.analytics_events.age_band	3c92fd000202bf041691147830b7887a
column	public.analytics_events.attempt_id	5a4400fc99af7c1992d860e0f6577863
column	public.analytics_events.browser	bd781671b0f0e6964ecbaa29e679af2d
column	public.analytics_events.browser_version	5506f33c91c0e8d0e3d0305abf321465
column	public.analytics_events.build_version	e3642ec473902a06f3be15e3c7379e46
column	public.analytics_events.chapter	dd92d58121d0c4f19e88742f61e90338
column	public.analytics_events.class_id	bf2e625b474494ba16c764c4146ede34
column	public.analytics_events.client_seq	10c75683a0929ccf676eaf21abdffd18
column	public.analytics_events.client_ts	bd8a1ef3513fc878376928b1614e489b
column	public.analytics_events.component	58abdc155852240b80650b82b18dbd9f
column	public.analytics_events.context	a52aa2f46182ae968234a6f4fefdf365
column	public.analytics_events.device_id	abbc570749984aef28ec151cbe052101
column	public.analytics_events.device_type	850f38e037965c84703fc62826aab9d7
column	public.analytics_events.environment	8eb3032aef804624ee2414e4807daf3f
column	public.analytics_events.event_name	c0faea85d6dbc008ae0ccd53846cac84
column	public.analytics_events.event_uid	c8dcee85f6e7f0946121109d50d4c5f0
column	public.analytics_events.game_mode	23548df52492573d9fe8fecc89597033
column	public.analytics_events.id	44fdfba33b133fb478c0a6a4537280fa
column	public.analytics_events.level	5060e43202022da4564e18c4ae18a135
column	public.analytics_events.meta	310e5b5600bb522492f5938a5ae8d832
column	public.analytics_events.occurred_at	c7f5be0a487d63b8c2a5c80656346419
column	public.analytics_events.page	1b26d13332aa07d669fb468d102d78b4
column	public.analytics_events.received_at	dcb3b074a69248cb2b86d72c805f9b99
column	public.analytics_events.referrer	210846ca144246699489435e42a19d4a
column	public.analytics_events.school_id	6f73e84d9b78dafacb06e9d720661385
column	public.analytics_events.session_id	d1e030a91571e2872523fcea23f16eb1
column	public.analytics_events.stage_id	54fa9f7a6b092c1cf729d22491a5ce57
column	public.analytics_events.tenant_id	9b0aab3f1f58325614421351d04d3b09
column	public.analytics_events.traffic_type	0ae6a531087bcef3191ae21c686ba970
column	public.analytics_events.utm_campaign	4545a08f54f2f9b3220db74e112582a2
column	public.analytics_events.utm_medium	48dfdec7f18bcef636746be88cf4572f
column	public.analytics_events.utm_source	c7338dc7e0a72c16891400de1bd4a746
column	public.analytics_events.value_number	61c9877b8ad0f65bc75f35c9073af76d
column	public.analytics_events.viewport_h	7caa3867fde316ea68dc06e90191ac9f
column	public.analytics_events.viewport_w	e0e1a65fe2739b2dd90ea0def98b811b
column	public.analytics_events_real.age_band	3c92fd000202bf041691147830b7887a
column	public.analytics_events_real.browser	bd781671b0f0e6964ecbaa29e679af2d
column	public.analytics_events_real.browser_version	5506f33c91c0e8d0e3d0305abf321465
column	public.analytics_events_real.build_version	e3642ec473902a06f3be15e3c7379e46
column	public.analytics_events_real.chapter	dd92d58121d0c4f19e88742f61e90338
column	public.analytics_events_real.class_id	bf2e625b474494ba16c764c4146ede34
column	public.analytics_events_real.client_seq	10c75683a0929ccf676eaf21abdffd18
column	public.analytics_events_real.client_ts	bd8a1ef3513fc878376928b1614e489b
column	public.analytics_events_real.component	58abdc155852240b80650b82b18dbd9f
column	public.analytics_events_real.context	a52aa2f46182ae968234a6f4fefdf365
column	public.analytics_events_real.device_id	abbc570749984aef28ec151cbe052101
column	public.analytics_events_real.device_type	850f38e037965c84703fc62826aab9d7
column	public.analytics_events_real.environment	8eb3032aef804624ee2414e4807daf3f
column	public.analytics_events_real.event_name	36d688b64190b26221a43bd45a410cfb
column	public.analytics_events_real.event_uid	c8dcee85f6e7f0946121109d50d4c5f0
column	public.analytics_events_real.game_mode	23548df52492573d9fe8fecc89597033
column	public.analytics_events_real.id	907e382ac004db7f7b5e696ffedd3c2d
column	public.analytics_events_real.level	5060e43202022da4564e18c4ae18a135
column	public.analytics_events_real.meta	78526ac7c350ac5e0b8eb243b356e505
column	public.analytics_events_real.occurred_at	14b93a3867255a04bc2d7c0543c50394
column	public.analytics_events_real.page	1b26d13332aa07d669fb468d102d78b4
column	public.analytics_events_real.referrer	210846ca144246699489435e42a19d4a
column	public.analytics_events_real.school_id	6f73e84d9b78dafacb06e9d720661385
column	public.analytics_events_real.session_id	7ea658363d5b23c551a67019d5a4c8f1
column	public.analytics_events_real.stage_id	54fa9f7a6b092c1cf729d22491a5ce57
column	public.analytics_events_real.tenant_id	9b0aab3f1f58325614421351d04d3b09
column	public.analytics_events_real.traffic_type	0ae6a531087bcef3191ae21c686ba970
column	public.analytics_events_real.utm_campaign	4545a08f54f2f9b3220db74e112582a2
column	public.analytics_events_real.utm_medium	48dfdec7f18bcef636746be88cf4572f
column	public.analytics_events_real.utm_source	c7338dc7e0a72c16891400de1bd4a746
column	public.analytics_events_real.value_number	61c9877b8ad0f65bc75f35c9073af76d
column	public.analytics_events_real.viewport_h	7caa3867fde316ea68dc06e90191ac9f
column	public.analytics_events_real.viewport_w	e0e1a65fe2739b2dd90ea0def98b811b
column	public.billing_events.created_at	79b80ae64e225845084376b778edad62
column	public.billing_events.id	3a924d3392cd8f14352ff1921ff105a1
column	public.billing_events.parent_id	7ea658363d5b23c551a67019d5a4c8f1
column	public.billing_events.payload	c0acb6c347198e4a9b14145032131323
column	public.billing_events.stripe_event_id	e2ac38ba05c2d25edae35a8d2ca91c95
column	public.billing_events.tenant_id	261a7e5a57191f489b18e9fb02fb7127
column	public.billing_events.type	c0faea85d6dbc008ae0ccd53846cac84
column	public.broadcast_log.campaign	1e5ccacfe075a40d221df6567e320173
column	public.broadcast_log.created_at	dd3dcc7bbdf42de467ad0274af032be2
column	public.broadcast_log.email	6e40aa2833df081191a97f67412bb7c6
column	public.broadcast_log.provider_id	36d688b64190b26221a43bd45a410cfb
column	public.broadcast_log.status	3e09c110869eaf7b8f7fd1293fedfdfe
column	public.child_activity_summary.activity_key	3d2138225861acab061090c9621436a5
column	public.child_activity_summary.attempts	63bda7e8fd0b5ad74a7ed6aa5e782f54
column	public.child_activity_summary.child_profile_id	d1e030a91571e2872523fcea23f16eb1
column	public.child_activity_summary.completion_rate	8b097a2a82613f4baadd7cb1f455ab2b
column	public.child_activity_summary.completions	5d2f280c2feb60881a8f5c48672f6ebd
column	public.child_activity_summary.id	3a924d3392cd8f14352ff1921ff105a1
column	public.child_activity_summary.last_played_at	607d172b6abb55e70f39be2c268294fd
column	public.child_activity_summary.mastery	d4626bb8f50a95472c31840a8fb84ffd
column	public.child_activity_summary.status	90da5fdcc26f051921aad0f7fe575743
column	public.child_activity_summary.tenant_id	e96aa8b85affe35283ac95e0320debf4
column	public.child_activity_summary.total_seconds	1a81e50503303cc1a0068a6b2743073d
column	public.child_activity_summary.updated_at	fc5bd65ad247ac62689b6764e32b1d6d
column	public.child_learning_state.adaptive_difficulty	96483ebfcecb746ab54e1e03e9312100
column	public.child_learning_state.child_profile_id	700436aa610017e438f1e5314fc53367
column	public.child_learning_state.confidence_overall	655983c99a2fff9f4e10480eaec529ce
column	public.child_learning_state.last_played_at	3915fe93b67e2fcb2c03db586361f953
column	public.child_learning_state.last_streak_date	ef6f43a3ca08a8c7abb9436a9686e46b
column	public.child_learning_state.mode_preferences	06572185f651891d694a03103b740e0e
column	public.child_learning_state.recommended_activity_key	54fa9f7a6b092c1cf729d22491a5ce57
column	public.child_learning_state.streak_days	5d2f280c2feb60881a8f5c48672f6ebd
column	public.child_learning_state.tenant_id	230a72c319d0779ac725c1da031a9ad3
column	public.child_learning_state.updated_at	ef1504b33cfd5225a38dfe751959cba8
column	public.child_profiles.accessibility_prefs	df04156d534429188d36aae394ee355d
column	public.child_profiles.age_band	36d688b64190b26221a43bd45a410cfb
column	public.child_profiles.archived_at	607d172b6abb55e70f39be2c268294fd
column	public.child_profiles.avatar	58abdc155852240b80650b82b18dbd9f
column	public.child_profiles.created_at	fc5bd65ad247ac62689b6764e32b1d6d
column	public.child_profiles.id	3a924d3392cd8f14352ff1921ff105a1
column	public.child_profiles.learning_focus	1b26d13332aa07d669fb468d102d78b4
column	public.child_profiles.nickname	3d2138225861acab061090c9621436a5
column	public.child_profiles.parent_id	d1e030a91571e2872523fcea23f16eb1
column	public.child_profiles.preferred_hand	54fa9f7a6b092c1cf729d22491a5ce57
column	public.child_profiles.status	ec9b2036094d8ff79036d37123690657
column	public.child_profiles.tenant_id	d48487412c1179ffa71da2cbb7c5c5d2
column	public.child_profiles.updated_at	2c45affe495ce30857a808c185dfcd41
column	public.class_children.age_band	1b26d13332aa07d669fb468d102d78b4
column	public.class_children.archived	11d8e08bd7c185d8dcb0d0f594c62111
column	public.class_children.avatar_seed	6f73e84d9b78dafacb06e9d720661385
column	public.class_children.created_at	b0cfc2734e95cacc4d02eca8e9d88431
column	public.class_children.display_name	3c92fd000202bf041691147830b7887a
column	public.class_children.first_name	e2ac38ba05c2d25edae35a8d2ca91c95
column	public.class_children.id	44fdfba33b133fb478c0a6a4537280fa
column	public.class_children.nickname	36d688b64190b26221a43bd45a410cfb
column	public.class_children.notes	58abdc155852240b80650b82b18dbd9f
column	public.class_children.teacher_id	d1e030a91571e2872523fcea23f16eb1
column	public.class_children.tenant_id	230a72c319d0779ac725c1da031a9ad3
column	public.class_children.updated_at	ef1504b33cfd5225a38dfe751959cba8
column	public.class_session_tokens.claimed_at	c367e17c26b41d5e4444b9677d9d4c71
column	public.class_session_tokens.claimed_session_student_id	261a7e5a57191f489b18e9fb02fb7127
column	public.class_session_tokens.class_child_id	b7b9bfc55f571dc809bc775b66de63d8
column	public.class_session_tokens.created_at	dd3dcc7bbdf42de467ad0274af032be2
column	public.class_session_tokens.id	44fdfba33b133fb478c0a6a4537280fa
column	public.class_session_tokens.session_id	d1e030a91571e2872523fcea23f16eb1
column	public.class_session_tokens.tenant_id	ab67723fdc3e56e24916c06fcef0e29e
column	public.class_session_tokens.token	c0faea85d6dbc008ae0ccd53846cac84
column	public.classroom_default_activities.activities	3986ba5d9dd7ecdf1ff773999f4f99c0
column	public.classroom_default_activities.created_at	459460a53e7d9d906bf0b329a22e5f7f
column	public.classroom_default_activities.id	44fdfba33b133fb478c0a6a4537280fa
column	public.classroom_default_activities.session_id	d1e030a91571e2872523fcea23f16eb1
column	public.classroom_default_activities.updated_at	dd3dcc7bbdf42de467ad0274af032be2
column	public.client_errors.error_message	52c068676a5416464b05b11ba35e2a01
column	public.client_errors.error_stack	88ea70d90a3b9ebb94fd04aa0a6936ec
column	public.client_errors.error_type	6e40aa2833df081191a97f67412bb7c6
column	public.client_errors.id	44fdfba33b133fb478c0a6a4537280fa
column	public.client_errors.message	e2ac38ba05c2d25edae35a8d2ca91c95
column	public.client_errors.metadata	bd080f1e9f5543db8b1658467b3991db
column	public.client_errors.page_url	c524ec2ab4111a0987915658c4265350
column	public.client_errors.reported_at	a206bbc9f567315f802da98e0072cb55
column	public.client_errors.session_id	7ff3daf586e0fb8daea8b0db708f5526
column	public.client_errors.teacher_id	b9e15a2b3087a849128a01b46330dc3d
column	public.client_errors.tenant_id	e96aa8b85affe35283ac95e0320debf4
column	public.client_errors.user_agent	36d688b64190b26221a43bd45a410cfb
column	public.consent_records.consent_type	3d2138225861acab061090c9621436a5
column	public.consent_records.consent_version	c0faea85d6dbc008ae0ccd53846cac84
column	public.consent_records.granted	fd2bcbaebe0e0febc7b3b371dd8aebf5
column	public.consent_records.granted_at	79b80ae64e225845084376b778edad62
column	public.consent_records.id	3a924d3392cd8f14352ff1921ff105a1
column	public.consent_records.parent_id	d1e030a91571e2872523fcea23f16eb1
column	public.consent_records.tenant_id	ab67723fdc3e56e24916c06fcef0e29e
column	public.consent_records.withdrawn_at	3915fe93b67e2fcb2c03db586361f953
column	public.dashboard_learner_progression.age_band	54fa9f7a6b092c1cf729d22491a5ce57
column	public.dashboard_learner_progression.device_id	41b8be5653e96eb2c08078321c6daeff
column	public.dashboard_learner_progression.expected_strength	9f97c2c8cfa93fa4c1049ba713113812
column	public.dashboard_learner_progression.game_mode	e2ac38ba05c2d25edae35a8d2ca91c95
column	public.dashboard_learner_progression.item_difficulty	3764a6f2bf3c3f19230b458de4f84cf0
column	public.dashboard_learner_progression.item_key	2f91de74a8e8b02dce1e83963d35c2f4
column	public.dashboard_learner_progression.last_attempt_at	3915fe93b67e2fcb2c03db586361f953
column	public.dashboard_learner_progression.n_attempts	e9b2d33afca8f78cca7e6a17dd74583c
column	public.dashboard_learner_progression.n_credible_attempts	f43844759679deabeebf45a5d29d735d
column	public.dashboard_learner_progression.p_expected	649f917ec3c39b80c67b937f7c9a72b6
column	public.dashboard_learner_progression.theta	811afee478e2605f9c0d81483112126f
column	public.dashboard_trust_composition.context	e2ac38ba05c2d25edae35a8d2ca91c95
column	public.dashboard_trust_composition.credibility_tier	36d688b64190b26221a43bd45a410cfb
column	public.dashboard_trust_composition.day	d94756475990ce0eeaaa72da40b6068b
column	public.dashboard_trust_composition.game_mode	2f91de74a8e8b02dce1e83963d35c2f4
column	public.dashboard_trust_composition.mean_score	f43844759679deabeebf45a5d29d735d
column	public.dashboard_trust_composition.n	e9b2d33afca8f78cca7e6a17dd74583c
column	public.data_deletion_requests.completed_at	3915fe93b67e2fcb2c03db586361f953
column	public.data_deletion_requests.id	3a924d3392cd8f14352ff1921ff105a1
column	public.data_deletion_requests.parent_id	d1e030a91571e2872523fcea23f16eb1
column	public.data_deletion_requests.requested_at	79b80ae64e225845084376b778edad62
column	public.data_deletion_requests.scope	3d2138225861acab061090c9621436a5
column	public.data_deletion_requests.status	917644f22a6d3caf0798277cf35231a8
column	public.data_deletion_requests.target_child_id	46165e3b7fc31798c255dbec8c2fd9fa
column	public.data_deletion_requests.tenant_id	ab67723fdc3e56e24916c06fcef0e29e
column	public.form_submissions.created_at	0f527ffd144f504d5fc601720daacea1
column	public.form_submissions.email	e2ac38ba05c2d25edae35a8d2ca91c95
column	public.form_submissions.form_type	6e40aa2833df081191a97f67412bb7c6
column	public.form_submissions.id	44fdfba33b133fb478c0a6a4537280fa
column	public.form_submissions.ip_hash	c524ec2ab4111a0987915658c4265350
column	public.form_submissions.message	23548df52492573d9fe8fecc89597033
column	public.form_submissions.metadata	0f6649e5377accf3a49c89f54bbe953b
column	public.form_submissions.name	36d688b64190b26221a43bd45a410cfb
column	public.form_submissions.role	58abdc155852240b80650b82b18dbd9f
column	public.form_submissions.school	1b26d13332aa07d669fb468d102d78b4
column	public.form_submissions.tenant_id	b9e15a2b3087a849128a01b46330dc3d
column	public.human_observation_fact.affect_tags	c0e238af74ff49ba616207a04b640448
column	public.human_observation_fact.age_band	54fa9f7a6b092c1cf729d22491a5ce57
column	public.human_observation_fact.classroom_code	23548df52492573d9fe8fecc89597033
column	public.human_observation_fact.device_id	aece8350a8b3c90280444def5569dcb8
column	public.human_observation_fact.focus_tags	bb7aef9d3bb6b8dddcdf3e4e73b5fb79
column	public.human_observation_fact.id	44fdfba33b133fb478c0a6a4537280fa
column	public.human_observation_fact.independence_tags	7809efb42a69a4a2dcf795319eafe95d
column	public.human_observation_fact.meta	9cb5c20320d68aba9862e6fe6b6f0fef
column	public.human_observation_fact.notable_tags	137930522fdc05674e2c53e8e56264c2
column	public.human_observation_fact.note	e3642ec473902a06f3be15e3c7379e46
column	public.human_observation_fact.observer_role	db3c98ff57a6d5a3d430a11ae519fd51
column	public.human_observation_fact.recorded_at	a1fe20d662ee94f7b7a879302be68de1
column	public.human_observation_fact.recorded_by	e2ac38ba05c2d25edae35a8d2ca91c95
column	public.human_observation_fact.session_id	d1ff67a17b581ebdd0cebcbcb91ea158
column	public.human_observation_fact.social_tags	8be56a1ee92970e41ff9cf65e05dbfda
column	public.human_observation_fact.tenant_id	fe3ac80028c7b130026486681f1d5481
column	public.item_difficulty.b	bf297ecafa4019ddbbf54f0d8a52ef5a
column	public.item_difficulty.game_mode	6e40aa2833df081191a97f67412bb7c6
column	public.item_difficulty.item_key	1e5ccacfe075a40d221df6567e320173
column	public.item_difficulty.last_updated	dd3dcc7bbdf42de467ad0274af032be2
column	public.item_difficulty.n_attempts	0293b299475d736aa64d750277f3c8e0
column	public.item_difficulty.tenant_id	d1ff67a17b581ebdd0cebcbcb91ea158
column	public.join_audit_log.created_at	a206bbc9f567315f802da98e0072cb55
column	public.join_audit_log.event	c0faea85d6dbc008ae0ccd53846cac84
column	public.join_audit_log.id	44fdfba33b133fb478c0a6a4537280fa
column	public.join_audit_log.metadata	bd080f1e9f5543db8b1658467b3991db
column	public.join_audit_log.result_code	1b26d13332aa07d669fb468d102d78b4
column	public.join_audit_log.session_id	7ea658363d5b23c551a67019d5a4c8f1
column	public.join_audit_log.student_id	63e50663891761f291e0a5f5de6069b6
column	public.join_rate_limits.attempt_count	f0630301b283863e2fbc994db008fa2b
column	public.join_rate_limits.ip_hash	1e5ccacfe075a40d221df6567e320173
column	public.join_rate_limits.window_start	c7f5be0a487d63b8c2a5c80656346419
column	public.learning_attempts.actual_value	e3642ec473902a06f3be15e3c7379e46
column	public.learning_attempts.age_band	88ea70d90a3b9ebb94fd04aa0a6936ec
column	public.learning_attempts.attempt_id	5d49e019513b9d080ecbe6060697477a
column	public.learning_attempts.attempt_number	462462372ce825d939d5b77d5c604549
column	public.learning_attempts.child_profile_id	3b1dda5386c176ee44a2403f293e307a
column	public.learning_attempts.client_seq	0961383b53e2e9b5c10d7935db84c001
column	public.learning_attempts.client_ts	61923a2f1574818409a5616a3a92f2d4
column	public.learning_attempts.context	06bd978a485535118ecd6e13cca2fc1f
column	public.learning_attempts.credibility_reasons	0512c047594990bbcd0ad15b1215c438
column	public.learning_attempts.credibility_score	d97cc5b769f58e9f1525333292b8f66e
column	public.learning_attempts.credibility_scored_at	c6bd9aefcb5f255d8adde115f1668430
column	public.learning_attempts.credibility_tier	48dfdec7f18bcef636746be88cf4572f
column	public.learning_attempts.device_id	36d688b64190b26221a43bd45a410cfb
column	public.learning_attempts.elo_processed_at	fe710fb6bfcd2a59aa0938e13a505d03
column	public.learning_attempts.event_uid	fe3ac80028c7b130026486681f1d5481
column	public.learning_attempts.expected_value	bf2e625b474494ba16c764c4146ede34
column	public.learning_attempts.game_mode	aece8350a8b3c90280444def5569dcb8
column	public.learning_attempts.gq_corrections_in_stroke	363cd86f6c069f93d2baa8bcb13e246a
column	public.learning_attempts.gq_directional_changes	896115671a832fa6792062be9a038cca
column	public.learning_attempts.gq_n_samples	d4854a667da361acc8e0cd748e3546a8
column	public.learning_attempts.gq_path_accuracy_pct	da6034e90ffcd3e54a0d1e0f00595f72
column	public.learning_attempts.gq_path_efficiency	7205ab0217098a1da1b67e557aa4ed78
column	public.learning_attempts.gq_pause_count	aebfda924ca48de92e3442c2858cfd0f
column	public.learning_attempts.gq_spatial_error_mean_px	b5959496b1cec816f225cc9346ebbda7
column	public.learning_attempts.gq_time_to_completion_ms	15ba21ef13b05d493a024a1da7864e82
column	public.learning_attempts.gq_time_to_first_movement_ms	cb1730265bae0096440ee9ef20bcdfc6
column	public.learning_attempts.gq_velocity_variance	c33c06340b633075b5255d0651ca879e
column	public.learning_attempts.id	44fdfba33b133fb478c0a6a4537280fa
column	public.learning_attempts.item_key	8f1a3d3b7b5c5e954863670c94bc14cb
column	public.learning_attempts.meta	f198b0a4a65aa73d3e74b9e49611efd5
column	public.learning_attempts.ms_to_attempt	5b28e65f4e2026f42d68d4d535aab3e1
column	public.learning_attempts.occurred_at	a1fe20d662ee94f7b7a879302be68de1
column	public.learning_attempts.session_id	b7b9bfc55f571dc809bc775b66de63d8
column	public.learning_attempts.stage_id	58abdc155852240b80650b82b18dbd9f
column	public.learning_attempts.stage_index	54b0ca654e90210b665a5c60b32e62c9
column	public.learning_attempts.tenant_id	3eb350e689a6eefe10872c9b46fe3360
column	public.learning_attempts.was_correct	bf3f20794cda61f7505792dbd19fa2d1
column	public.lios_adaptive_decisions.age_band	58abdc155852240b80650b82b18dbd9f
column	public.lios_adaptive_decisions.context	23548df52492573d9fe8fecc89597033
column	public.lios_adaptive_decisions.current_item	54fa9f7a6b092c1cf729d22491a5ce57
column	public.lios_adaptive_decisions.device_id	3d2138225861acab061090c9621436a5
column	public.lios_adaptive_decisions.game_mode	aece8350a8b3c90280444def5569dcb8
column	public.lios_adaptive_decisions.id	44fdfba33b133fb478c0a6a4537280fa
column	public.lios_adaptive_decisions.inputs	a50860eb0f055dc2fa3fabb9b451f814
column	public.lios_adaptive_decisions.invariants_applied	1b3c59271badf874b699542cdef4b0b3
column	public.lios_adaptive_decisions.made_at	a1fe20d662ee94f7b7a879302be68de1
column	public.lios_adaptive_decisions.next_item	88ea70d90a3b9ebb94fd04aa0a6936ec
column	public.lios_adaptive_decisions.p_expected	8e15b7485a4c88cef1438163da295d7b
column	public.lios_adaptive_decisions.reasoning	09f53b3776fb27c6af51c5a8bad44713
column	public.lios_adaptive_decisions.recovery_step	3810fb3d266029f76648077511e8b06d
column	public.lios_adaptive_decisions.regime	05a175c5ec2b4c5d1fafe277ad00a93e
column	public.lios_adaptive_decisions.reward_intensity	657cdf0dbc47bd057ca8a4fbbffe90ab
column	public.lios_adaptive_decisions.scaffold_level	ffc7a1b3be71152700b8348ddacf8824
column	public.lios_adaptive_decisions.session_id	7584c4020425757cec954ee6046f1ce3
column	public.lios_adaptive_decisions.suggest_break	dc31f5f76801130f230efdd971eeb168
column	public.lios_adaptive_decisions.tenant_id	14aae22af97a08725a5f75083ccf967e
column	public.lios_anomaly_fact.baseline_mean	f43844759679deabeebf45a5d29d735d
column	public.lios_anomaly_fact.baseline_sd	4fc5b91c92ddc52f39cd67570b031a2d
column	public.lios_anomaly_fact.context	2ef8034920369f6f98e1a789297f4e19
column	public.lios_anomaly_fact.current_value	fb78925d4006669ddcad22844c040c2e
column	public.lios_anomaly_fact.detected_at	a1fe20d662ee94f7b7a879302be68de1
column	public.lios_anomaly_fact.id	44fdfba33b133fb478c0a6a4537280fa
column	public.lios_anomaly_fact.metric	3d2138225861acab061090c9621436a5
column	public.lios_anomaly_fact.reason	c524ec2ab4111a0987915658c4265350
column	public.lios_anomaly_fact.severity	68be8283fcfbf886105354f821cb820c
column	public.lios_anomaly_fact.tenant_id	b9e15a2b3087a849128a01b46330dc3d
column	public.lios_anomaly_fact.z_score	5c38fc85ce67c799df99d61966011dd0
column	public.lios_pipeline_runs.anomaly_by_metric	59bb854f0b435d50793d30b086adc2b1
column	public.lios_pipeline_runs.anomaly_detected	4cc70c5ff2bc7b7b9051e9fda8423fe5
column	public.lios_pipeline_runs.duration_ms	d3510e2f4fbe5a9293d34e58fb6ed364
column	public.lios_pipeline_runs.elo_distinct_items	b4282112adc53fd5097386f4779fe27c
column	public.lios_pipeline_runs.elo_distinct_learners	b17eed2661845a51409628076d9682ad
column	public.lios_pipeline_runs.elo_processed	ee3f008e6b6054a93359b7a909337fc1
column	public.lios_pipeline_runs.error_message	5506f33c91c0e8d0e3d0305abf321465
column	public.lios_pipeline_runs.friction_by_detector	ab8fd7b8ed95d3fc2c49c5978a9ffba9
column	public.lios_pipeline_runs.friction_detectors_fired	9d1b5443fd9a003ad5ed7c1e7ceb61dd
column	public.lios_pipeline_runs.friction_sessions	ef8ad0b558110d9f7b5d08f9b3739fe9
column	public.lios_pipeline_runs.id	1b3217d1978fd784a642cf598faf267b
column	public.lios_pipeline_runs.mastery_by_state	6e3ed3ada133e53ce73233f29b0717b1
column	public.lios_pipeline_runs.mastery_pairs	944db6c241d669f25e1da0b054a96659
column	public.lios_pipeline_runs.mastery_transitions	aa51da2b54d7c6148434b05feaff597d
column	public.lios_pipeline_runs.run_at	a1fe20d662ee94f7b7a879302be68de1
column	public.lios_pipeline_runs.tenant_id	35036202d39021350ddea48f944c8266
column	public.lios_pipeline_runs.trust_scored	47822f55b790e58d57207523683c3fda
column	public.lios_pipeline_runs.trust_tier_a	e9b2d33afca8f78cca7e6a17dd74583c
column	public.lios_pipeline_runs.trust_tier_b	d2eae7c9a33e2bc8ed02baf5a78b8afd
column	public.lios_pipeline_runs.trust_tier_c	45ae4069199040dd2a67169bc7c7772f
column	public.mastery_episode_fact.age_band	54fa9f7a6b092c1cf729d22491a5ce57
column	public.mastery_episode_fact.b_at_event	9f97c2c8cfa93fa4c1049ba713113812
column	public.mastery_episode_fact.device_id	6e40aa2833df081191a97f67412bb7c6
column	public.mastery_episode_fact.evidence	3053bec0482cfc050562e81b7e57dad5
column	public.mastery_episode_fact.from_state	1b26d13332aa07d669fb468d102d78b4
column	public.mastery_episode_fact.game_mode	c0faea85d6dbc008ae0ccd53846cac84
column	public.mastery_episode_fact.id	44fdfba33b133fb478c0a6a4537280fa
column	public.mastery_episode_fact.item_key	3d2138225861acab061090c9621436a5
column	public.mastery_episode_fact.tenant_id	e96aa8b85affe35283ac95e0320debf4
column	public.mastery_episode_fact.theta_at_event	3764a6f2bf3c3f19230b458de4f84cf0
column	public.mastery_episode_fact.to_state	1e2585331e09d6694ab8fb5896b70034
column	public.mastery_episode_fact.transition_at	a206bbc9f567315f802da98e0072cb55
column	public.newsletter_subscribers.email	6e40aa2833df081191a97f67412bb7c6
column	public.newsletter_subscribers.id	44fdfba33b133fb478c0a6a4537280fa
column	public.newsletter_subscribers.source	91198a36f9860585df45a5c3809da66c
column	public.newsletter_subscribers.subscribed_at	b379eeadfa87f66ada10b988d30fce54
column	public.newsletter_subscribers.tenant_id	261a7e5a57191f489b18e9fb02fb7127
column	public.newsletter_subscribers.unsubscribe_token	83f453a7a6989a69c1209a75d174c93a
column	public.newsletter_subscribers.unsubscribed_at	c367e17c26b41d5e4444b9677d9d4c71
column	public.parent_controls.allowed_categories	76265cd10f2e6f508e7a8b22283dc239
column	public.parent_controls.camera_reassurance	49bebc169864c78d02e58d3af66f4413
column	public.parent_controls.child_profile_id	700436aa610017e438f1e5314fc53367
column	public.parent_controls.daily_play_limit_minutes	d3510e2f4fbe5a9293d34e58fb6ed364
column	public.parent_controls.parent_id	d1e030a91571e2872523fcea23f16eb1
column	public.parent_controls.paused	bd68d6dfe403e11fedc523d4bc34eaa2
column	public.parent_controls.sound_enabled	bdb252cc59eb38da517b6f938bdb3bd0
column	public.parent_controls.tenant_id	c94ea8baac787e7815a2f3a5d6c15ec6
column	public.parent_controls.updated_at	b0cfc2734e95cacc4d02eca8e9d88431
column	public.parent_profiles.created_at	79b80ae64e225845084376b778edad62
column	public.parent_profiles.display_name	e2ac38ba05c2d25edae35a8d2ca91c95
column	public.parent_profiles.email	2f91de74a8e8b02dce1e83963d35c2f4
column	public.parent_profiles.id	700436aa610017e438f1e5314fc53367
column	public.parent_profiles.marketing_opt_in	bd68d6dfe403e11fedc523d4bc34eaa2
column	public.parent_profiles.stripe_customer_id	36d688b64190b26221a43bd45a410cfb
column	public.parent_profiles.tenant_id	ab67723fdc3e56e24916c06fcef0e29e
column	public.parent_profiles.updated_at	a206bbc9f567315f802da98e0072cb55
column	public.parent_subscriptions.activated_sent_at	fe710fb6bfcd2a59aa0938e13a505d03
column	public.parent_subscriptions.addon_price_id	54fa9f7a6b092c1cf729d22491a5ce57
column	public.parent_subscriptions.base_price_id	23548df52492573d9fe8fecc89597033
column	public.parent_subscriptions.billed_addon_quantity	b617b821ac05a4f876ab628f1c9a0920
column	public.parent_subscriptions.cancel_at_period_end	dcc3004830fd715dbbd850502f7a9f04
column	public.parent_subscriptions.canceled_at	90c53d60a9d94ad348ad687342a963ba
column	public.parent_subscriptions.created_at	590781ed261752f8b772040216077c94
column	public.parent_subscriptions.current_period_end	8d1a88ddcdde729ecd7877f6ea8cd12b
column	public.parent_subscriptions.current_period_start	e2821f9c4f4446943c3bf3af94c33560
column	public.parent_subscriptions.id	3a924d3392cd8f14352ff1921ff105a1
column	public.parent_subscriptions.included_child_slots	87d54ea5a5ba2d90a71bea43e37b6f76
column	public.parent_subscriptions.last_event_at	c6bd9aefcb5f255d8adde115f1668430
column	public.parent_subscriptions.parent_id	d1e030a91571e2872523fcea23f16eb1
column	public.parent_subscriptions.plan_interval	58abdc155852240b80650b82b18dbd9f
column	public.parent_subscriptions.reminder_2d_sent_at	4a1d5d3d2608ac42269fe6d876d299ee
column	public.parent_subscriptions.reminder_expired_sent_at	31a9a629ed58aba42a89fd8b9ba1b4cb
column	public.parent_subscriptions.status	c6833ec0cd1797d8ed253a5d0b8e87dd
column	public.parent_subscriptions.stripe_customer_id	e2ac38ba05c2d25edae35a8d2ca91c95
column	public.parent_subscriptions.stripe_subscription_id	36d688b64190b26221a43bd45a410cfb
column	public.parent_subscriptions.tenant_id	14aae22af97a08725a5f75083ccf967e
column	public.parent_subscriptions.trial_end	f7de788e5171beef20a788a953f130e3
column	public.parent_subscriptions.trial_start	daa19e92d61685702bc1512d0272e2b0
column	public.parent_subscriptions.updated_at	1e403b3ec1f9e99c7178e358ca5a15fc
column	public.parent_subscriptions.welcome_sent_at	1f86e85e20d6b1f109736a380348fb77
column	public.platform_admins.granted_at	459460a53e7d9d906bf0b329a22e5f7f
column	public.platform_admins.granted_by	7ea658363d5b23c551a67019d5a4c8f1
column	public.platform_admins.note	e2ac38ba05c2d25edae35a8d2ca91c95
column	public.platform_admins.user_id	700436aa610017e438f1e5314fc53367
column	public.platform_insights.body	c0faea85d6dbc008ae0ccd53846cac84
column	public.platform_insights.data_snapshot	c0acb6c347198e4a9b14145032131323
column	public.platform_insights.expires_at	2b94434467ecbd5d6ad5b1f378a3960c
column	public.platform_insights.generated_at	b0cfc2734e95cacc4d02eca8e9d88431
column	public.platform_insights.id	44fdfba33b133fb478c0a6a4537280fa
column	public.platform_insights.scope	6e40aa2833df081191a97f67412bb7c6
column	public.platform_insights.severity	464263e2bf39c161cc44e482dcd46f1d
column	public.platform_insights.source	b415301a11ab44b1d5bf7b797957769f
column	public.platform_insights.tenant_id	230a72c319d0779ac725c1da031a9ad3
column	public.platform_insights.title	3d2138225861acab061090c9621436a5
column	public.playlists.activities	223bf31795d290e4a31f72ea99b8533f
column	public.playlists.created_at	a206bbc9f567315f802da98e0072cb55
column	public.playlists.description	36d688b64190b26221a43bd45a410cfb
column	public.playlists.difficulty	4b0ff9427f9f9ca756ce6c2b9d4f9885
column	public.playlists.duration_minutes	03e38b57843e0c3e93236b89e1e2187e
column	public.playlists.gestures	aa62fe130734e57c15a7742f10895ece
column	public.playlists.id	44fdfba33b133fb478c0a6a4537280fa
column	public.playlists.is_public	2c8e47535d81b32c16910a2f324f55c6
column	public.playlists.name	3d2138225861acab061090c9621436a5
column	public.playlists.school_id	b9e15a2b3087a849128a01b46330dc3d
column	public.playlists.teacher_id	d1e030a91571e2872523fcea23f16eb1
column	public.playlists.tenant_id	d48487412c1179ffa71da2cbb7c5c5d2
column	public.playlists.updated_at	2c45affe495ce30857a808c185dfcd41
column	public.pricing_config.active	e82e0f225a1052a77c9a14fdf114b3a3
column	public.pricing_config.addon_annual_cents_per_child	ee16079e4c5fa01a6f56e2ce1bda7231
column	public.pricing_config.addon_monthly_cents_per_child	9ea8b82363a1eb80657d99d639e5cd6e
column	public.pricing_config.base_annual_cents	c6c630ebcb0e2f46e210f365476c0cf7
column	public.pricing_config.base_included_slots	696ebdbede80691e671e6d31d42a38da
column	public.pricing_config.base_monthly_cents	a5a8e8e6fdc822fa79730a1049a99a13
column	public.pricing_config.currency	02af8b028233332c1e9108aca1ca1bea
column	public.pricing_config.effective_from	fc5bd65ad247ac62689b6764e32b1d6d
column	public.pricing_config.id	c8075b4d36be507e357673467930dbd1
column	public.pricing_config.max_children	dd92d58121d0c4f19e88742f61e90338
column	public.pricing_config.tenant_id	d48487412c1179ffa71da2cbb7c5c5d2
column	public.pricing_config.trial_days	3936c23b338c94ba00abe925a4041a08
column	public.pricing_config.updated_at	2c45affe495ce30857a808c185dfcd41
column	public.round_scores.accuracy	6b693cd254072690902d72cc0594aa3c
column	public.round_scores.activity	2a378d588cfef020dd4592f6a326173c
column	public.round_scores.completed	e82e0f225a1052a77c9a14fdf114b3a3
column	public.round_scores.created_at	ac0543a0137efee394f31cb143bb759e
column	public.round_scores.duration_seconds	dd92d58121d0c4f19e88742f61e90338
column	public.round_scores.gesture_name	a9ae7a54d93a3076c16e788f96c6d067
column	public.round_scores.id	44fdfba33b133fb478c0a6a4537280fa
column	public.round_scores.raw_score	d65373e572ad8904b7cc86693c547586
column	public.round_scores.round	06e049fdb767071cc67f25a69e02f2d9
column	public.round_scores.round_number	0326dc37568a377a0cd57720a0a11b35
column	public.round_scores.score	2c11497c0b2d68e125db8781826139e4
column	public.round_scores.session_activity_id	c68d34e02868d87419b272f51b420a8b
column	public.round_scores.session_id	d1e030a91571e2872523fcea23f16eb1
column	public.round_scores.session_student_id	e246939136b435d8493de9fab16a29df
column	public.round_scores.stars	311c249a7bda68dfb2f39c783a4021c7
column	public.round_scores.student_id	b7b9bfc55f571dc809bc775b66de63d8
column	public.round_scores.submitted_at	b0cfc2734e95cacc4d02eca8e9d88431
column	public.round_scores.tenant_id	70d2a2f56fcc5d9d984c77da50fe269a
column	public.school_invites.accepted_at	9da51853faae20b6fbcbe0c71fe24e72
column	public.school_invites.created_at	79b80ae64e225845084376b778edad62
column	public.school_invites.email	3d2138225861acab061090c9621436a5
column	public.school_invites.expires_at	36f52d05f4166205718057529f57a606
column	public.school_invites.id	44fdfba33b133fb478c0a6a4537280fa
column	public.school_invites.invited_by	32df4ed2bbc35716bc5fd18fbabae9e2
column	public.school_invites.school_id	d1e030a91571e2872523fcea23f16eb1
column	public.school_invites.status	56b825088260dfc4dd1fea922b70c37f
column	public.school_invites.tenant_id	b9e15a2b3087a849128a01b46330dc3d
column	public.school_invites.token	50296e0b6eef6a6c62836803399c2ac7
column	public.school_invites.updated_at	e3b2d71ce420bd05c5dfe59c52fe7b15
column	public.school_teachers.accepted_at	9da51853faae20b6fbcbe0c71fe24e72
column	public.school_teachers.id	44fdfba33b133fb478c0a6a4537280fa
column	public.school_teachers.invited_at	a206bbc9f567315f802da98e0072cb55
column	public.school_teachers.invited_by	d1ff67a17b581ebdd0cebcbcb91ea158
column	public.school_teachers.joined_at	ab3286c2a756c08460edacb58dd198b8
column	public.school_teachers.role	db3c98ff57a6d5a3d430a11ae519fd51
column	public.school_teachers.school_id	d1e030a91571e2872523fcea23f16eb1
column	public.school_teachers.status	389555f9589375a1abbec49d0e161a9b
column	public.school_teachers.teacher_id	b7b9bfc55f571dc809bc775b66de63d8
column	public.school_teachers.tenant_id	b9e15a2b3087a849128a01b46330dc3d
column	public.school_teachers.updated_at	e3b2d71ce420bd05c5dfe59c52fe7b15
column	public.schools.academic_year_end	c7170b35b3667568164a1915ab7c5d2b
column	public.schools.address	850f38e037965c84703fc62826aab9d7
column	public.schools.admin_teacher_id	4afcc3e8482ac2fe1534592d0a554c37
column	public.schools.admin_user_id	b7b9bfc55f571dc809bc775b66de63d8
column	public.schools.city	bd781671b0f0e6964ecbaa29e679af2d
column	public.schools.country	ae19756119688f6f890928a008a6460c
column	public.schools.created_at	2c45affe495ce30857a808c185dfcd41
column	public.schools.id	44fdfba33b133fb478c0a6a4537280fa
column	public.schools.license_status	b276b01666011929581bcc3b92863c2b
column	public.schools.license_tier	1923c14a4c62445dcd2c3d0f0e3a386d
column	public.schools.logo_url	e3642ec473902a06f3be15e3c7379e46
column	public.schools.max_seats	e2236cb72efa0ec0b41928905ccad9fc
column	public.schools.name	6e40aa2833df081191a97f67412bb7c6
column	public.schools.phone	c7338dc7e0a72c16891400de1bd4a746
column	public.schools.seats_used	1a81e50503303cc1a0068a6b2743073d
column	public.schools.settings	f48f798dc2f5a44b8142e7b11dc1e38a
column	public.schools.slug	bf2e625b474494ba16c764c4146ede34
column	public.schools.state	5506f33c91c0e8d0e3d0305abf321465
column	public.schools.stripe_customer_id	36d688b64190b26221a43bd45a410cfb
column	public.schools.stripe_subscription_id	1b26d13332aa07d669fb468d102d78b4
column	public.schools.subscription_tier	de18ee97423a415faad9680370ff404c
column	public.schools.tenant_id	e983cffab754366aca3793ef03ca6e1f
column	public.schools.updated_at	8040a1b04905cc1a6187437d75b25303
column	public.schools.website	48dfdec7f18bcef636746be88cf4572f
column	public.schools.zip_code	09f53b3776fb27c6af51c5a8bad44713
column	public.security_audit_log.country	58abdc155852240b80650b82b18dbd9f
column	public.security_audit_log.created_at	b0cfc2734e95cacc4d02eca8e9d88431
column	public.security_audit_log.event_type	3d2138225861acab061090c9621436a5
column	public.security_audit_log.id	1b3217d1978fd784a642cf598faf267b
column	public.security_audit_log.ip_hash	36d688b64190b26221a43bd45a410cfb
column	public.security_audit_log.metadata	df04156d534429188d36aae394ee355d
column	public.security_audit_log.ua_hash	1b26d13332aa07d669fb468d102d78b4
column	public.security_audit_log.user_id	7ea658363d5b23c551a67019d5a4c8f1
column	public.session_activities.activity	3d2138225861acab061090c9621436a5
column	public.session_activities.ended_at	3915fe93b67e2fcb2c03db586361f953
column	public.session_activities.id	44fdfba33b133fb478c0a6a4537280fa
column	public.session_activities.metadata	0f6649e5377accf3a49c89f54bbe953b
column	public.session_activities.ordinal	311c249a7bda68dfb2f39c783a4021c7
column	public.session_activities.session_id	d1e030a91571e2872523fcea23f16eb1
column	public.session_activities.started_at	79b80ae64e225845084376b778edad62
column	public.session_activities.state	35dff8f1e4f1e919e61d23b3eaec7625
column	public.session_activities.tenant_id	c94ea8baac787e7815a2f3a5d6c15ec6
column	public.session_network_fingerprints.algorithm	4173235264fba777b1b03e3090a14b13
column	public.session_network_fingerprints.created_at	dd3dcc7bbdf42de467ad0274af032be2
column	public.session_network_fingerprints.expires_at	c367e17c26b41d5e4444b9677d9d4c71
column	public.session_network_fingerprints.id	44fdfba33b133fb478c0a6a4537280fa
column	public.session_network_fingerprints.network_hash	3d2138225861acab061090c9621436a5
column	public.session_network_fingerprints.session_id	d1e030a91571e2872523fcea23f16eb1
column	public.session_students.avatar_seed	bf2e625b474494ba16c764c4146ede34
column	public.session_students.class_child_id	c11e2577571fe63eabd57352680aab71
column	public.session_students.id	44fdfba33b133fb478c0a6a4537280fa
column	public.session_students.is_active	7a54628a86c0806e29e5f24045de37d9
column	public.session_students.is_connected	fd2bcbaebe0e0febc7b3b371dd8aebf5
column	public.session_students.joined_at	459460a53e7d9d906bf0b329a22e5f7f
column	public.session_students.kicked_at	daa19e92d61685702bc1512d0272e2b0
column	public.session_students.kicked_reason	6f73e84d9b78dafacb06e9d720661385
column	public.session_students.left_at	9da51853faae20b6fbcbe0c71fe24e72
column	public.session_students.name	3d2138225861acab061090c9621436a5
column	public.session_students.readiness_changed_at	590781ed261752f8b772040216077c94
column	public.session_students.readiness_state	8411c22b6bd8443b5b25bdd0d62472be
column	public.session_students.session_id	d1e030a91571e2872523fcea23f16eb1
column	public.session_students.student_avatar	23548df52492573d9fe8fecc89597033
column	public.session_students.student_name	2979086965ddd537e9bbc04ecab69f8c
column	public.session_students.tenant_id	f5b89e554a94fe7cd19b5bbae4352362
column	public.session_students.updated_at	e3b2d71ce420bd05c5dfe59c52fe7b15
column	public.sessions.activity	36d688b64190b26221a43bd45a410cfb
column	public.sessions.activity_version	ed331981491b83c8ac6c47956d59cd01
column	public.sessions.class_name	c7338dc7e0a72c16891400de1bd4a746
column	public.sessions.class_state	7a7a615925835404277e6c71c3c7f4b6
column	public.sessions.code	3d2138225861acab061090c9621436a5
column	public.sessions.created_at	ef1504b33cfd5225a38dfe751959cba8
column	public.sessions.current_activity_id	14aae22af97a08725a5f75083ccf967e
column	public.sessions.ended_at	607d172b6abb55e70f39be2c268294fd
column	public.sessions.id	44fdfba33b133fb478c0a6a4537280fa
column	public.sessions.max_students	c85a58c4a3b6fed85ed74780e0f3c6ea
column	public.sessions.metadata	f618bd1ddbb68801345cb604bdbaa1e4
column	public.sessions.playlist_id	d48487412c1179ffa71da2cbb7c5c5d2
column	public.sessions.round	303679a1c6e77abb91d7ab73c77b6417
column	public.sessions.school_id	e96aa8b85affe35283ac95e0320debf4
column	public.sessions.scoreboard_mode	161f2a4618bad01d1d0b46280337e5f8
column	public.sessions.scoreboard_visible	f3f56d0464707011d9aad1e9389e57c3
column	public.sessions.session_code	8a842866fed7947b085762a33fb0d9f6
column	public.sessions.started_at	90c53d60a9d94ad348ad687342a963ba
column	public.sessions.status	6fe52ad64f3225feaf2ac6fcda5a032f
column	public.sessions.teacher_id	d1e030a91571e2872523fcea23f16eb1
column	public.sessions.tenant_id	eacf9d0ea861678a771da08a17755468
column	public.sessions.timer_seconds	b722300e070fdcfd9a0c9dad021aa9eb
column	public.sessions.updated_at	590781ed261752f8b772040216077c94
column	public.skill_state.age_band	54fa9f7a6b092c1cf729d22491a5ce57
column	public.skill_state.device_id	1e5ccacfe075a40d221df6567e320173
column	public.skill_state.game_mode	3d2138225861acab061090c9621436a5
column	public.skill_state.item_key	6e40aa2833df081191a97f67412bb7c6
column	public.skill_state.last_attempt_at	3915fe93b67e2fcb2c03db586361f953
column	public.skill_state.n_attempts	9495ca91a2ea6283aa4d8ff66a1cf3f0
column	public.skill_state.n_credible_attempts	8b097a2a82613f4baadd7cb1f455ab2b
column	public.skill_state.tenant_id	c94ea8baac787e7815a2f3a5d6c15ec6
column	public.skill_state.theta	655983c99a2fff9f4e10480eaec529ce
column	public.skill_state_history.day	62ceff11d76a2a07c0d9512b4661909c
column	public.skill_state_history.device_id	1e5ccacfe075a40d221df6567e320173
column	public.skill_state_history.game_mode	3d2138225861acab061090c9621436a5
column	public.skill_state_history.item_key	6e40aa2833df081191a97f67412bb7c6
column	public.skill_state_history.n_attempts	f748c8289600509c0b8813108a063fbc
column	public.skill_state_history.tenant_id	261a7e5a57191f489b18e9fb02fb7127
column	public.skill_state_history.theta	557373af788d4337fc9c4130b4c4edd6
column	public.stripe_price_map.active	bdb252cc59eb38da517b6f938bdb3bd0
column	public.stripe_price_map.description	1b26d13332aa07d669fb468d102d78b4
column	public.stripe_price_map.interval	3d2138225861acab061090c9621436a5
column	public.stripe_price_map.price_key	1e5ccacfe075a40d221df6567e320173
column	public.stripe_price_map.role	c0faea85d6dbc008ae0ccd53846cac84
column	public.stripe_price_map.stripe_price_id	6e40aa2833df081191a97f67412bb7c6
column	public.stripe_price_map.tenant_id	ab67723fdc3e56e24916c06fcef0e29e
column	public.stripe_price_map.updated_at	a206bbc9f567315f802da98e0072cb55
column	public.student_activity_assignments.activity	c0faea85d6dbc008ae0ccd53846cac84
column	public.student_activity_assignments.assigned_by	261a7e5a57191f489b18e9fb02fb7127
column	public.student_activity_assignments.created_at	b0cfc2734e95cacc4d02eca8e9d88431
column	public.student_activity_assignments.id	44fdfba33b133fb478c0a6a4537280fa
column	public.student_activity_assignments.is_enabled	bdb252cc59eb38da517b6f938bdb3bd0
column	public.student_activity_assignments.sequence_order	5d2f280c2feb60881a8f5c48672f6ebd
column	public.student_activity_assignments.session_id	d1e030a91571e2872523fcea23f16eb1
column	public.student_activity_assignments.student_id	b7b9bfc55f571dc809bc775b66de63d8
column	public.student_activity_assignments.updated_at	ef1504b33cfd5225a38dfe751959cba8
column	public.teacher_insights.body	aece8350a8b3c90280444def5569dcb8
column	public.teacher_insights.data_snapshot	65a760bcb5248c70dae50769c595ef49
column	public.teacher_insights.dismissed_at	607d172b6abb55e70f39be2c268294fd
column	public.teacher_insights.expires_at	dce5e44ec1e248721ae71cdec5d652f5
column	public.teacher_insights.generated_at	ef1504b33cfd5225a38dfe751959cba8
column	public.teacher_insights.id	44fdfba33b133fb478c0a6a4537280fa
column	public.teacher_insights.insight_type	3d2138225861acab061090c9621436a5
column	public.teacher_insights.severity	591de0f5275e2ac7323cb720d9681ed3
column	public.teacher_insights.source	c094f92464c90a4560b264cac5fa4fe3
column	public.teacher_insights.teacher_id	d1e030a91571e2872523fcea23f16eb1
column	public.teacher_insights.tenant_id	e96aa8b85affe35283ac95e0320debf4
column	public.teacher_insights.title	c0faea85d6dbc008ae0ccd53846cac84
column	public.teacher_profiles.auth_user_id	d1e030a91571e2872523fcea23f16eb1
column	public.teacher_profiles.created_at	79b80ae64e225845084376b778edad62
column	public.teacher_profiles.full_name	e2ac38ba05c2d25edae35a8d2ca91c95
column	public.teacher_profiles.id	44fdfba33b133fb478c0a6a4537280fa
column	public.teacher_profiles.role	96abda40195ed905b0f12e5b7440a7bd
column	public.teacher_profiles.school_name	36d688b64190b26221a43bd45a410cfb
column	public.teacher_profiles.tenant_id	ab67723fdc3e56e24916c06fcef0e29e
column	public.teacher_profiles.updated_at	a206bbc9f567315f802da98e0072cb55
column	public.teachers.avatar_url	ceed41caf3194cd788ff23c688cbd50a
column	public.teachers.created_at	79b80ae64e225845084376b778edad62
column	public.teachers.email	6e40aa2833df081191a97f67412bb7c6
column	public.teachers.id	700436aa610017e438f1e5314fc53367
column	public.teachers.is_admin	dc31f5f76801130f230efdd971eeb168
column	public.teachers.name	c3ba4953de973d5310d57ec401ce5f3e
column	public.teachers.onboarded_at	8d1a88ddcdde729ecd7877f6ea8cd12b
column	public.teachers.school_id	b9e15a2b3087a849128a01b46330dc3d
column	public.teachers.settings	31f9b1afc27b33e6e19f0a262e25e364
column	public.teachers.stripe_customer_id	88ea70d90a3b9ebb94fd04aa0a6936ec
column	public.teachers.stripe_subscription_id	c524ec2ab4111a0987915658c4265350
column	public.teachers.tenant_id	fe3ac80028c7b130026486681f1d5481
column	public.teachers.tier	80db0099964581a04837f0050ce6741a
column	public.teachers.trial_expires_at	9da51853faae20b6fbcbe0c71fe24e72
column	public.teachers.trial_started_at	3915fe93b67e2fcb2c03db586361f953
column	public.teachers.updated_at	44bc544762b2361789e69ed95e7e843f
column	public.tenant_members.created_at	459460a53e7d9d906bf0b329a22e5f7f
column	public.tenant_members.member_role	6ab25254e8ff8d0ae252dfe98cdeb424
column	public.tenant_members.tenant_id	700436aa610017e438f1e5314fc53367
column	public.tenant_members.user_id	d1e030a91571e2872523fcea23f16eb1
column	public.tenants.created_at	dd3dcc7bbdf42de467ad0274af032be2
column	public.tenants.id	44fdfba33b133fb478c0a6a4537280fa
column	public.tenants.kind	6e40aa2833df081191a97f67412bb7c6
column	public.tenants.name	36d688b64190b26221a43bd45a410cfb
column	public.tenants.owner_user_id	63e50663891761f291e0a5f5de6069b6
column	public.v_activity_performance.avg_accuracy	21dc1883cd1eccf5b05efd2d65ab4836
column	public.v_activity_performance.completion_rate	811afee478e2605f9c0d81483112126f
column	public.v_activity_performance.gesture_name	41b8be5653e96eb2c08078321c6daeff
column	public.v_activity_performance.last_used_at	54ad51300fd283891ec65d7fcbb56fc5
column	public.v_activity_performance.total_attempts	cbdb74abe4e8ef52b8439a11d67ff280
column	public.v_engagement_metrics.active_teachers	cbdb74abe4e8ef52b8439a11d67ff280
column	public.v_engagement_metrics.avg_session_accuracy	fb78925d4006669ddcad22844c040c2e
column	public.v_engagement_metrics.period	41b8be5653e96eb2c08078321c6daeff
column	public.v_engagement_metrics.total_sessions	add0a51e604aec3c3f7d2ea8d676d380
column	public.v_engagement_metrics.total_students_engaged	47822f55b790e58d57207523683c3fda
column	public.v_growth_metrics.churn_count	e44efaf1f085f8685e0662124d1981ac
column	public.v_growth_metrics.cohort_date	41b8be5653e96eb2c08078321c6daeff
column	public.v_growth_metrics.new_schools	add0a51e604aec3c3f7d2ea8d676d380
column	public.v_growth_metrics.new_teachers	cbdb74abe4e8ef52b8439a11d67ff280
column	public.v_growth_metrics.trial_conversions	47822f55b790e58d57207523683c3fda
column	public.v_school_overview.avg_students_per_session	fb78925d4006669ddcad22844c040c2e
column	public.v_school_overview.school_id	907e382ac004db7f7b5e696ffedd3c2d
column	public.v_school_overview.school_name	2f91de74a8e8b02dce1e83963d35c2f4
column	public.v_school_overview.subscription_tier	58abdc155852240b80650b82b18dbd9f
column	public.v_school_overview.teacher_count	add0a51e604aec3c3f7d2ea8d676d380
column	public.v_school_overview.total_sessions	47822f55b790e58d57207523683c3fda
column	public.v_teacher_session_stats.avg_session_duration	811afee478e2605f9c0d81483112126f
column	public.v_teacher_session_stats.last_session_at	54ad51300fd283891ec65d7fcbb56fc5
column	public.v_teacher_session_stats.teacher_id	907e382ac004db7f7b5e696ffedd3c2d
column	public.v_teacher_session_stats.total_sessions	cbdb74abe4e8ef52b8439a11d67ff280
column	public.v_teacher_session_stats.total_students	add0a51e604aec3c3f7d2ea8d676d380
constraint	public.admin_alerts.admin_alerts_pkey	4c6419b3704337bbfe50f018842a9ad3
constraint	public.admin_alerts.admin_alerts_severity_check	87d79b644ce3309b5bd7434010bc126b
constraint	public.admin_alerts.admin_alerts_tenant_id_fkey	6640173aadc2390c2c2c19d76af2a4f2
constraint	public.analytics_events.analytics_events_pkey	4c6419b3704337bbfe50f018842a9ad3
constraint	public.analytics_events.analytics_events_tenant_id_fkey	6640173aadc2390c2c2c19d76af2a4f2
constraint	public.billing_events.billing_events_parent_id_fkey	dc1f9dee6cdb6ec63d708100927c67e5
constraint	public.billing_events.billing_events_pkey	4c6419b3704337bbfe50f018842a9ad3
constraint	public.billing_events.billing_events_stripe_event_id_key	8b36662c408a7ff331390580a5d2892e
constraint	public.billing_events.billing_events_tenant_id_fkey	6640173aadc2390c2c2c19d76af2a4f2
constraint	public.broadcast_log.broadcast_log_pkey	7f8fa5e0622bdbd464d1bf7da1c36638
constraint	public.child_activity_summary.child_activity_summary_child_profile_id_activity_key_key	b8536d6da8cd758f0bbf618aafc92828
constraint	public.child_activity_summary.child_activity_summary_child_profile_id_fkey	7df95fd8fffaa6ba04f5c9cf9f3fd9ab
constraint	public.child_activity_summary.child_activity_summary_pkey	4c6419b3704337bbfe50f018842a9ad3
constraint	public.child_activity_summary.child_activity_summary_tenant_id_fkey	6640173aadc2390c2c2c19d76af2a4f2
constraint	public.child_learning_state.child_learning_state_child_profile_id_fkey	7df95fd8fffaa6ba04f5c9cf9f3fd9ab
constraint	public.child_learning_state.child_learning_state_pkey	2c0ae184d816fdc279f1e27d83953617
constraint	public.child_learning_state.child_learning_state_tenant_id_fkey	6640173aadc2390c2c2c19d76af2a4f2
constraint	public.child_profiles.child_profiles_parent_id_fkey	f58ae5b537d88bb92868de9ba005a93e
constraint	public.child_profiles.child_profiles_pkey	4c6419b3704337bbfe50f018842a9ad3
constraint	public.child_profiles.child_profiles_tenant_id_fkey	6640173aadc2390c2c2c19d76af2a4f2
constraint	public.class_children.class_children_age_band_check	6262e4d4fced979e85b0d5b3b8fc3562
constraint	public.class_children.class_children_first_name_check	7e87b1d6befc2c2aa4b64bc25f82a488
constraint	public.class_children.class_children_nickname_check	f0ce9a66438355d11fbd9f768ca654ed
constraint	public.class_children.class_children_notes_check	7afca7fd6c74d26a71e7212b50b13254
constraint	public.class_children.class_children_pkey	4c6419b3704337bbfe50f018842a9ad3
constraint	public.class_children.class_children_teacher_id_fkey	6f618eee4d99e8a8973245a38a359f27
constraint	public.class_session_tokens.class_session_tokens_claimed_session_student_id_fkey	59fa957d9840bfab91e96fea2c52b20e
constraint	public.class_session_tokens.class_session_tokens_class_child_id_fkey	0f7a9d6a5720696235da7c3d6526f454
constraint	public.class_session_tokens.class_session_tokens_pkey	4c6419b3704337bbfe50f018842a9ad3
constraint	public.class_session_tokens.class_session_tokens_session_id_class_child_id_key	cd69a041e90b4df4b0db6f0a504454cf
constraint	public.class_session_tokens.class_session_tokens_session_id_fkey	5214eea158db88cef8ab0c30af28c489
constraint	public.class_session_tokens.class_session_tokens_session_id_token_key	75585bb85c95a0be69a8e15caae4d7a9
constraint	public.class_session_tokens.class_session_tokens_tenant_id_fkey	6640173aadc2390c2c2c19d76af2a4f2
constraint	public.classroom_default_activities.classroom_default_activities_pkey	4c6419b3704337bbfe50f018842a9ad3
constraint	public.classroom_default_activities.classroom_default_activities_session_id_fkey	5214eea158db88cef8ab0c30af28c489
constraint	public.classroom_default_activities.classroom_default_activities_session_id_key	4e54a273e27f80152c6bf3321fc10718
constraint	public.client_errors.client_errors_pkey	4c6419b3704337bbfe50f018842a9ad3
constraint	public.client_errors.client_errors_session_id_fkey	c69259f1e0fe778fc8ff40ec4c31203d
constraint	public.client_errors.client_errors_tenant_id_fkey	6640173aadc2390c2c2c19d76af2a4f2
constraint	public.consent_records.consent_records_parent_id_fkey	f58ae5b537d88bb92868de9ba005a93e
constraint	public.consent_records.consent_records_pkey	4c6419b3704337bbfe50f018842a9ad3
constraint	public.consent_records.consent_records_tenant_id_fkey	6640173aadc2390c2c2c19d76af2a4f2
constraint	public.data_deletion_requests.data_deletion_requests_parent_id_fkey	f58ae5b537d88bb92868de9ba005a93e
constraint	public.data_deletion_requests.data_deletion_requests_pkey	4c6419b3704337bbfe50f018842a9ad3
constraint	public.data_deletion_requests.data_deletion_requests_target_child_id_fkey	182c36f43a98c381df863c435e21149e
constraint	public.data_deletion_requests.data_deletion_requests_tenant_id_fkey	6640173aadc2390c2c2c19d76af2a4f2
constraint	public.form_submissions.form_submissions_pkey	4c6419b3704337bbfe50f018842a9ad3
constraint	public.form_submissions.form_submissions_tenant_id_fkey	6640173aadc2390c2c2c19d76af2a4f2
constraint	public.human_observation_fact.human_observation_affect_check	f9cda33f75a413e1ff1a88b700a45905
constraint	public.human_observation_fact.human_observation_fact_pkey	4c6419b3704337bbfe50f018842a9ad3
constraint	public.human_observation_fact.human_observation_fact_tenant_id_fkey	6640173aadc2390c2c2c19d76af2a4f2
constraint	public.human_observation_fact.human_observation_focus_check	e709643700561a9c726c3f3852f170ea
constraint	public.human_observation_fact.human_observation_independence_check	819e4e2ea7004e947a2cde2506630fe0
constraint	public.human_observation_fact.human_observation_notable_check	0b159054a89edd72ce1875e90f3fb810
constraint	public.human_observation_fact.human_observation_note_length	71b7862984facbbd67c965e035fa708b
constraint	public.human_observation_fact.human_observation_observer_role_check	18101ff6f045f6d32cbd7488b3d8b89b
constraint	public.human_observation_fact.human_observation_social_check	d156a23eeb1d3b1d99e10ed68161c452
constraint	public.item_difficulty.item_difficulty_pkey	266c8d2bdef9c81d1d09b2ba440e9993
constraint	public.item_difficulty.item_difficulty_tenant_id_fkey	6640173aadc2390c2c2c19d76af2a4f2
constraint	public.join_audit_log.join_audit_log_event_check	29ec453313dcb7d04c15447f3dfef4b3
constraint	public.join_audit_log.join_audit_log_pkey	4c6419b3704337bbfe50f018842a9ad3
constraint	public.join_rate_limits.join_rate_limits_pkey	9840daee6c760e5863123f26c6d5d75e
constraint	public.learning_attempts.learning_attempts_child_profile_id_fkey	7df95fd8fffaa6ba04f5c9cf9f3fd9ab
constraint	public.learning_attempts.learning_attempts_credibility_score_range	a6782bdf8fb1a564c1198bcdd202f516
constraint	public.learning_attempts.learning_attempts_credibility_tier_check	037c2c736a86b3e830b71db404a9461e
constraint	public.learning_attempts.learning_attempts_gq_path_accuracy_range	5875c6769bbf342f02316f1983dd6aed
constraint	public.learning_attempts.learning_attempts_gq_path_efficiency_range	c4a1b9a6b201349170588083883f7d86
constraint	public.learning_attempts.learning_attempts_no_unknown_key	442f302908d442a6bc54d9b19044c29e
constraint	public.learning_attempts.learning_attempts_pkey	4c6419b3704337bbfe50f018842a9ad3
constraint	public.learning_attempts.learning_attempts_tenant_id_fkey	6640173aadc2390c2c2c19d76af2a4f2
constraint	public.lios_adaptive_decisions.lios_adaptive_decisions_pkey	4c6419b3704337bbfe50f018842a9ad3
constraint	public.lios_adaptive_decisions.lios_adaptive_decisions_tenant_id_fkey	6640173aadc2390c2c2c19d76af2a4f2
constraint	public.lios_adaptive_decisions.lios_adaptive_recovery_step_check	a60f7d30574c1167601007603167a07f
constraint	public.lios_adaptive_decisions.lios_adaptive_regime_check	96cdbf9da7bb2fd3acd9cce7d0d6a6d5
constraint	public.lios_adaptive_decisions.lios_adaptive_reward_check	4c0b90a8ace9ca001bdcf96a0030662f
constraint	public.lios_adaptive_decisions.lios_adaptive_scaffold_check	a93815ede4a01c0524f5ed05628565f6
constraint	public.lios_anomaly_fact.lios_anomaly_fact_pkey	4c6419b3704337bbfe50f018842a9ad3
constraint	public.lios_anomaly_fact.lios_anomaly_fact_tenant_id_fkey	6640173aadc2390c2c2c19d76af2a4f2
constraint	public.lios_anomaly_fact.lios_anomaly_severity_check	358e526524b65b3d734eab1b06750e68
constraint	public.lios_pipeline_runs.lios_pipeline_runs_pkey	4c6419b3704337bbfe50f018842a9ad3
constraint	public.lios_pipeline_runs.lios_pipeline_runs_tenant_id_fkey	6640173aadc2390c2c2c19d76af2a4f2
constraint	public.mastery_episode_fact.mastery_episode_fact_pkey	4c6419b3704337bbfe50f018842a9ad3
constraint	public.mastery_episode_fact.mastery_episode_fact_tenant_id_fkey	6640173aadc2390c2c2c19d76af2a4f2
constraint	public.mastery_episode_fact.mastery_episode_from_state_check	2d17f13f9e56eb4aa8fdcf5ac617c4c1
constraint	public.mastery_episode_fact.mastery_episode_to_state_check	6b870128123160187f5357a06d16d65b
constraint	public.newsletter_subscribers.newsletter_subscribers_email_key	cb128631a72269d9e93b234b2814eb06
constraint	public.newsletter_subscribers.newsletter_subscribers_pkey	4c6419b3704337bbfe50f018842a9ad3
constraint	public.newsletter_subscribers.newsletter_subscribers_tenant_id_fkey	6640173aadc2390c2c2c19d76af2a4f2
constraint	public.parent_controls.parent_controls_child_profile_id_fkey	7df95fd8fffaa6ba04f5c9cf9f3fd9ab
constraint	public.parent_controls.parent_controls_parent_id_fkey	f58ae5b537d88bb92868de9ba005a93e
constraint	public.parent_controls.parent_controls_pkey	2c0ae184d816fdc279f1e27d83953617
constraint	public.parent_controls.parent_controls_tenant_id_fkey	6640173aadc2390c2c2c19d76af2a4f2
constraint	public.parent_profiles.parent_profiles_id_fkey	0061c9fb3a9abcf2edbcd4a42467a9c3
constraint	public.parent_profiles.parent_profiles_pkey	4c6419b3704337bbfe50f018842a9ad3
constraint	public.parent_profiles.parent_profiles_stripe_customer_id_key	233ac0488330462ea5060ae58f6b0d25
constraint	public.parent_profiles.parent_profiles_tenant_id_fkey	6640173aadc2390c2c2c19d76af2a4f2
constraint	public.parent_subscriptions.parent_subscriptions_parent_id_fkey	f58ae5b537d88bb92868de9ba005a93e
constraint	public.parent_subscriptions.parent_subscriptions_parent_id_key	65ff7c663ded0f830bda120a0384bede
constraint	public.parent_subscriptions.parent_subscriptions_pkey	4c6419b3704337bbfe50f018842a9ad3
constraint	public.parent_subscriptions.parent_subscriptions_stripe_subscription_id_key	4c452bfc718f42ef4f5e84e50065271a
constraint	public.parent_subscriptions.parent_subscriptions_tenant_id_fkey	6640173aadc2390c2c2c19d76af2a4f2
constraint	public.platform_admins.platform_admins_granted_by_fkey	23c680aede7919e4f7f10028ed618a5c
constraint	public.platform_admins.platform_admins_pkey	0a0db78b5fb70bf8475b3bd434e6842b
constraint	public.platform_admins.platform_admins_user_id_fkey	85d8b2f5f0c0f6b4dcb854efb61a8cb1
constraint	public.platform_insights.platform_insights_pkey	4c6419b3704337bbfe50f018842a9ad3
constraint	public.platform_insights.platform_insights_scope_check	f5399bc7a83ea1f1e6ea0a9223dc1518
constraint	public.platform_insights.platform_insights_severity_check	87651d3e78fafb97abbc626d6a80d8cd
constraint	public.platform_insights.platform_insights_tenant_id_fkey	6640173aadc2390c2c2c19d76af2a4f2
constraint	public.playlists.playlists_difficulty_check	e51a927f47d50812a1912dea63210c38
constraint	public.playlists.playlists_pkey	4c6419b3704337bbfe50f018842a9ad3
constraint	public.playlists.playlists_school_id_fkey	991f0e9cefd1a25f82e2be45c7b24f71
constraint	public.playlists.playlists_teacher_id_fkey	6f618eee4d99e8a8973245a38a359f27
constraint	public.playlists.playlists_tenant_id_fkey	6640173aadc2390c2c2c19d76af2a4f2
constraint	public.pricing_config.pricing_config_pkey	4c6419b3704337bbfe50f018842a9ad3
constraint	public.pricing_config.pricing_config_tenant_id_fkey	6640173aadc2390c2c2c19d76af2a4f2
constraint	public.round_scores.round_scores_pkey	4c6419b3704337bbfe50f018842a9ad3
constraint	public.round_scores.round_scores_session_activity_id_fkey	075409b804afde3bcc5742a9bc063558
constraint	public.round_scores.round_scores_session_id_fkey	5214eea158db88cef8ab0c30af28c489
constraint	public.round_scores.round_scores_session_id_student_id_round_key	3ab71116dfc2d4a7d87e6e89aa476614
constraint	public.round_scores.round_scores_stars_check	1cce625a0526dbcb072b90bf4ba1303e
constraint	public.round_scores.round_scores_student_id_fkey	924a42f66a7724dda2c3aca969a7f4a5
constraint	public.round_scores.round_scores_tenant_id_fkey	6640173aadc2390c2c2c19d76af2a4f2
constraint	public.school_invites.school_invites_invited_by_fkey	ec8bea94f39fae677581fcfd9b20c4c9
constraint	public.school_invites.school_invites_pkey	4c6419b3704337bbfe50f018842a9ad3
constraint	public.school_invites.school_invites_school_id_fkey	31e0242b5a20e05b0cf8bec94fefd766
constraint	public.school_invites.school_invites_status_check	a5743a0a6f3c9c6fe30a248fe26607ba
constraint	public.school_invites.school_invites_tenant_id_fkey	6640173aadc2390c2c2c19d76af2a4f2
constraint	public.school_invites.school_invites_token_key	fa62bcb1c4fbdd8cb0e433bffb56c693
constraint	public.school_teachers.school_teachers_invited_by_fkey	ec8bea94f39fae677581fcfd9b20c4c9
constraint	public.school_teachers.school_teachers_pkey	4c6419b3704337bbfe50f018842a9ad3
constraint	public.school_teachers.school_teachers_role_check	65a2189cbc4389fd0321b2659fc069e7
constraint	public.school_teachers.school_teachers_school_id_fkey	31e0242b5a20e05b0cf8bec94fefd766
constraint	public.school_teachers.school_teachers_school_id_teacher_id_key	cf6a228314f647ca1e0697274ce3b220
constraint	public.school_teachers.school_teachers_status_check	6eb268ee5ea50e2de5e65153394b9e8a
constraint	public.school_teachers.school_teachers_teacher_id_fkey	6a9a46f507cab7444769f6af96baeaa3
constraint	public.school_teachers.school_teachers_tenant_id_fkey	6640173aadc2390c2c2c19d76af2a4f2
constraint	public.schools.schools_admin_user_id_fkey	dee9dfc9d1715a64c7ecb36a97e4f7a7
constraint	public.schools.schools_license_status_check	1a65675973e7e138de32822b6c8165e6
constraint	public.schools.schools_license_tier_check	1860e2e50e5c379d1d238247f1789084
constraint	public.schools.schools_pkey	4c6419b3704337bbfe50f018842a9ad3
constraint	public.schools.schools_subscription_tier_check	97b7eeba077daba4ce42211c17dfa57d
constraint	public.schools.schools_tenant_id_fkey	6640173aadc2390c2c2c19d76af2a4f2
constraint	public.security_audit_log.security_audit_log_pkey	4c6419b3704337bbfe50f018842a9ad3
constraint	public.security_audit_log.security_audit_log_user_id_fkey	c3025b918f5d330db0d4b19482474b87
constraint	public.session_activities.session_activities_pkey	4c6419b3704337bbfe50f018842a9ad3
constraint	public.session_activities.session_activities_session_id_fkey	5214eea158db88cef8ab0c30af28c489
constraint	public.session_activities.session_activities_session_id_ordinal_key	672a79ea717674f03ba5322fe90f5e82
constraint	public.session_activities.session_activities_state_check	f6474165ae698609bfca9675e2a15ecf
constraint	public.session_activities.session_activities_tenant_id_fkey	6640173aadc2390c2c2c19d76af2a4f2
constraint	public.session_network_fingerprints.session_network_fingerprints_pkey	4c6419b3704337bbfe50f018842a9ad3
constraint	public.session_network_fingerprints.session_network_fingerprints_session_id_fkey	5214eea158db88cef8ab0c30af28c489
constraint	public.session_network_fingerprints.session_network_fingerprints_session_id_key	4e54a273e27f80152c6bf3321fc10718
constraint	public.session_students.session_students_class_child_id_fkey	6d853554ebc50c5bdfb2169adc8e6ddc
constraint	public.session_students.session_students_pkey	4c6419b3704337bbfe50f018842a9ad3
constraint	public.session_students.session_students_readiness_state_check	4124976e550fdfa271f319d2a2fbe472
constraint	public.session_students.session_students_session_id_fkey	5214eea158db88cef8ab0c30af28c489
constraint	public.session_students.session_students_session_id_name_key	0af58eb759e2abaafb7cdb6c5639df64
constraint	public.session_students.session_students_tenant_id_fkey	6640173aadc2390c2c2c19d76af2a4f2
constraint	public.sessions.sessions_class_state_check	82c3064d8061173996f191fac8cf6cf2
constraint	public.sessions.sessions_current_activity_id_fkey	5f8e1b6a57274b5e3dd4525e8522ab1f
constraint	public.sessions.sessions_pkey	4c6419b3704337bbfe50f018842a9ad3
constraint	public.sessions.sessions_playlist_id_fkey	0f7c0d1b4d7e0a18f5bbf7ac28b66c3d
constraint	public.sessions.sessions_school_id_fkey	b1a1748269cb54e150dc1a505cb7e1ae
constraint	public.sessions.sessions_scoreboard_mode_check	364184fa1d27757bfdf0bca22e2fdc3e
constraint	public.sessions.sessions_status_check	d69e11fffa56702b4c72cc5fe8783036
constraint	public.sessions.sessions_teacher_id_fkey	d3ca38722a24695a3f9e368594aee5bf
constraint	public.sessions.sessions_tenant_id_fkey	6640173aadc2390c2c2c19d76af2a4f2
constraint	public.sessions.trg_sessions_check_active_has_activity	aac6dc9e89c94dfced18fa2e02f5e5bc
constraint	public.skill_state.skill_state_pkey	93ab1c506e119d8c0a97af8f4ee953c8
constraint	public.skill_state.skill_state_tenant_id_fkey	6640173aadc2390c2c2c19d76af2a4f2
constraint	public.skill_state_history.skill_state_history_pkey	1d9a6901d9a2fb0b3fdecfc12d338350
constraint	public.skill_state_history.skill_state_history_tenant_id_fkey	6640173aadc2390c2c2c19d76af2a4f2
constraint	public.stripe_price_map.stripe_price_map_interval_check	bc59311debd71978308c9e14910e66d9
constraint	public.stripe_price_map.stripe_price_map_pkey	54a1471d8b2eb40ca3d5067314d18c6e
constraint	public.stripe_price_map.stripe_price_map_role_check	318c79ea3974ef3ff1d667a42866f86d
constraint	public.stripe_price_map.stripe_price_map_tenant_id_fkey	6640173aadc2390c2c2c19d76af2a4f2
constraint	public.student_activity_assignments.student_activity_assignments_assigned_by_fkey	71dcd6548857b5e6809949af0203bc72
constraint	public.student_activity_assignments.student_activity_assignments_pkey	4c6419b3704337bbfe50f018842a9ad3
constraint	public.student_activity_assignments.student_activity_assignments_session_id_fkey	5214eea158db88cef8ab0c30af28c489
constraint	public.student_activity_assignments.student_activity_assignments_student_id_activity_key	bd7c247133790974019b383c83d32913
constraint	public.student_activity_assignments.student_activity_assignments_student_id_fkey	924a42f66a7724dda2c3aca969a7f4a5
constraint	public.teacher_insights.teacher_insights_insight_type_check	af301501ae3fd105c8937d9d50de2504
constraint	public.teacher_insights.teacher_insights_pkey	4c6419b3704337bbfe50f018842a9ad3
constraint	public.teacher_insights.teacher_insights_severity_check	87651d3e78fafb97abbc626d6a80d8cd
constraint	public.teacher_insights.teacher_insights_source_check	c38486e05ab2665ba48e587c00a1cd35
constraint	public.teacher_insights.teacher_insights_teacher_id_fkey	6f618eee4d99e8a8973245a38a359f27
constraint	public.teacher_insights.teacher_insights_tenant_id_fkey	6640173aadc2390c2c2c19d76af2a4f2
constraint	public.teacher_profiles.teacher_profiles_auth_user_id_fkey	58321cb48921009baca4009f75fcf1f6
constraint	public.teacher_profiles.teacher_profiles_auth_user_id_key	3939596b6b0eb0c3a60cbfda6e98ad0c
constraint	public.teacher_profiles.teacher_profiles_pkey	4c6419b3704337bbfe50f018842a9ad3
constraint	public.teacher_profiles.teacher_profiles_tenant_id_fkey	6640173aadc2390c2c2c19d76af2a4f2
constraint	public.teachers.teachers_id_fkey	0061c9fb3a9abcf2edbcd4a42467a9c3
constraint	public.teachers.teachers_pkey	4c6419b3704337bbfe50f018842a9ad3
constraint	public.teachers.teachers_school_id_fkey	b1a1748269cb54e150dc1a505cb7e1ae
constraint	public.teachers.teachers_tenant_id_fkey	6640173aadc2390c2c2c19d76af2a4f2
constraint	public.teachers.teachers_tier_check	17752ba890935720272838844f9c9687
constraint	public.tenant_members.tenant_members_member_role_chk	0819b21187cd8d0bbdbd4245643fc77a
constraint	public.tenant_members.tenant_members_pkey	8b75bb76860604bfbe000dedf3308e27
constraint	public.tenant_members.tenant_members_tenant_id_fkey	695f2bdba621667ae56a0544d2ad1ec2
constraint	public.tenant_members.tenant_members_user_id_fkey	85d8b2f5f0c0f6b4dcb854efb61a8cb1
constraint	public.tenants.tenants_kind_check	a64cc6357312587120ebdd5609667323
constraint	public.tenants.tenants_owner_user_id_fkey	d0eb2d4314e37b4e83a46a1d97595c9d
constraint	public.tenants.tenants_pkey	4c6419b3704337bbfe50f018842a9ad3
defacl	postgres|public|S	b1832d6b04ad10a7b871464f6265033d
defacl	postgres|public|f	37a7ab878ddb3c8de2877e90e7224b7e
defacl	postgres|public|r	46875263bd6598c4534e2df7d1847a5e
defacl	postgres|storage|S	b1832d6b04ad10a7b871464f6265033d
defacl	postgres|storage|f	37a7ab878ddb3c8de2877e90e7224b7e
defacl	postgres|storage|r	46875263bd6598c4534e2df7d1847a5e
defacl	supabase_admin|extensions|S	d1a61c10fe96c8e658ce25c624daa0ab
defacl	supabase_admin|extensions|f	a07dcee5e6033ed4e15ee19832718707
defacl	supabase_admin|extensions|r	2c3a5cb39373f21195189623dd96c181
defacl	supabase_admin|graphql_public|S	286928dff259bc0591cf4ff56760f461
defacl	supabase_admin|graphql_public|f	537880083f1299be0bc70fc0b518cf4e
defacl	supabase_admin|graphql_public|r	daa0ac2c145c3ae5d51ba97066df0e87
defacl	supabase_admin|graphql|S	286928dff259bc0591cf4ff56760f461
defacl	supabase_admin|graphql|f	537880083f1299be0bc70fc0b518cf4e
defacl	supabase_admin|graphql|r	daa0ac2c145c3ae5d51ba97066df0e87
defacl	supabase_admin|public|S	286928dff259bc0591cf4ff56760f461
defacl	supabase_admin|public|f	537880083f1299be0bc70fc0b518cf4e
defacl	supabase_admin|public|r	daa0ac2c145c3ae5d51ba97066df0e87
defacl	supabase_admin|realtime|S	bdd30f5eebcea1948aa392053946e29b
defacl	supabase_admin|realtime|f	50a15ba0189bc61703c45f98b72d4c3b
defacl	supabase_admin|realtime|r	3d4a04a84b8254c264b16a7a8959187b
defacl	supabase_auth_admin|auth|S	c12dd1407b17dc15bfdf7929bc6eab9a
defacl	supabase_auth_admin|auth|f	ec94d2cefa7f56a4df7d3a604b4bab33
defacl	supabase_auth_admin|auth|r	ee1d3113ec8f948ea896ad8b3a9e757d
extension	pg_stat_statements	e270e858b44f83d19ff1a3bbccf5114a
extension	pgcrypto	a8590c99afbf0611ca95fceb4f5c94f0
extension	plpgsql	b841a4e5ab3a2499433e149ab8878993
extension	supabase_vault	318fca4beeef443a94ddae6f3b75ade5
extension	uuid-ossp	c73a9a2cccf54c3ab6c3a204bcd35561
funcacl	public._check_active_has_activity()	9be66c6d9ed41f9d10745fe81c1fa29c
funcacl	public._class_assert_teacher(in_session_id uuid)	b29dc5165993ca51b30186f7931fdbad
funcacl	public._ensure_tenant(in_kind text, in_owner uuid, in_name text)	b29dc5165993ca51b30186f7931fdbad
funcacl	public._get_child_skills(p_child uuid)	b29dc5165993ca51b30186f7931fdbad
funcacl	public._is_admin()	b29dc5165993ca51b30186f7931fdbad
funcacl	public._stamp_child_tenant()	b29dc5165993ca51b30186f7931fdbad
funcacl	public._stamp_parent_profile_tenant()	b29dc5165993ca51b30186f7931fdbad
funcacl	public._stamp_parent_tenant()	b29dc5165993ca51b30186f7931fdbad
funcacl	public._stamp_session_tenant()	b29dc5165993ca51b30186f7931fdbad
funcacl	public._stamp_teacher_tenant()	b29dc5165993ca51b30186f7931fdbad
funcacl	public.analytics_events_promote_meta()	9be66c6d9ed41f9d10745fe81c1fa29c
funcacl	public.archive_child_profile(p_child uuid)	b29dc5165993ca51b30186f7931fdbad
funcacl	public.auth_owns_child(child uuid)	b29dc5165993ca51b30186f7931fdbad
funcacl	public.bump_child_activity_summary()	b29dc5165993ca51b30186f7931fdbad
funcacl	public.bump_child_learning_state()	b29dc5165993ca51b30186f7931fdbad
funcacl	public.check_join_rate_limit(in_ip_hash text)	b29dc5165993ca51b30186f7931fdbad
funcacl	public.class_assign_token(in_session_id uuid, in_class_child_id uuid, in_token text)	b29dc5165993ca51b30186f7931fdbad
funcacl	public.class_child_anonymise(in_class_child_id uuid)	b29dc5165993ca51b30186f7931fdbad
funcacl	public.class_child_archive(in_class_child_id uuid)	b29dc5165993ca51b30186f7931fdbad
funcacl	public.class_child_delete(in_class_child_id uuid)	b29dc5165993ca51b30186f7931fdbad
funcacl	public.class_delete_session(in_session_id uuid)	b29dc5165993ca51b30186f7931fdbad
funcacl	public.class_end_activity(in_session_id uuid)	b29dc5165993ca51b30186f7931fdbad
funcacl	public.class_end_session(in_session_id uuid)	b29dc5165993ca51b30186f7931fdbad
funcacl	public.class_end_stale_sessions()	b29dc5165993ca51b30186f7931fdbad
funcacl	public.class_get_activity(in_activity_id uuid)	b29dc5165993ca51b30186f7931fdbad
funcacl	public.class_get_self(in_student_id uuid)	b29dc5165993ca51b30186f7931fdbad
funcacl	public.class_get_session(in_session_id uuid)	b29dc5165993ca51b30186f7931fdbad
funcacl	public.class_join(in_session_id uuid, in_name text)	b29dc5165993ca51b30186f7931fdbad
funcacl	public.class_join_by_ip(in_session_id uuid, in_name text, in_client_ip text)	b29dc5165993ca51b30186f7931fdbad
funcacl	public.class_join_with_network(in_session_id uuid, in_name text, in_network_fingerprint text)	b29dc5165993ca51b30186f7931fdbad
funcacl	public.class_join_with_token(in_session_id uuid, in_token text)	b29dc5165993ca51b30186f7931fdbad
funcacl	public.class_kick_student(in_session_id uuid, in_student_id uuid, in_reason text)	b29dc5165993ca51b30186f7931fdbad
funcacl	public.class_pause_activity(in_session_id uuid)	b29dc5165993ca51b30186f7931fdbad
funcacl	public.class_resume_activity(in_session_id uuid)	b29dc5165993ca51b30186f7931fdbad
funcacl	public.class_set_readiness(in_student_id uuid, in_state text)	b29dc5165993ca51b30186f7931fdbad
funcacl	public.class_set_scoreboard_visibility(in_session_id uuid, in_visible boolean)	b29dc5165993ca51b30186f7931fdbad
funcacl	public.class_start_activity(in_session_id uuid, in_activity text)	b29dc5165993ca51b30186f7931fdbad
funcacl	public.class_student_heartbeat(in_student_id uuid)	b29dc5165993ca51b30186f7931fdbad
funcacl	public.class_student_stats(in_session_id uuid, in_student_id uuid)	b29dc5165993ca51b30186f7931fdbad
funcacl	public.class_summary(in_session_id uuid)	b29dc5165993ca51b30186f7931fdbad
funcacl	public.class_validate_join(in_code text, in_network_fingerprint text)	b29dc5165993ca51b30186f7931fdbad
funcacl	public.class_validate_join_by_ip(in_code text, in_client_ip text)	b29dc5165993ca51b30186f7931fdbad
funcacl	public.compute_billing_preview(p_interval text, p_active_children integer)	9be66c6d9ed41f9d10745fe81c1fa29c
funcacl	public.create_child_profile(p_nickname text, p_age_band text, p_learning_focus text, p_avatar text, p_preferred_hand text, p_consent_version text)	b29dc5165993ca51b30186f7931fdbad
funcacl	public.dashboard_ab_results(in_flag text)	b29dc5165993ca51b30186f7931fdbad
funcacl	public.dashboard_adaptive_decisions(in_days integer)	b29dc5165993ca51b30186f7931fdbad
funcacl	public.dashboard_anomaly_check()	b29dc5165993ca51b30186f7931fdbad
funcacl	public.dashboard_classrooms(in_days integer)	b29dc5165993ca51b30186f7931fdbad
funcacl	public.dashboard_cohort_curves(in_weeks integer)	b29dc5165993ca51b30186f7931fdbad
funcacl	public.dashboard_cohort_retention(in_weeks integer)	b29dc5165993ca51b30186f7931fdbad
funcacl	public.dashboard_context_split(in_days integer)	b29dc5165993ca51b30186f7931fdbad
funcacl	public.dashboard_curriculum_coverage(in_days integer)	b29dc5165993ca51b30186f7931fdbad
funcacl	public.dashboard_daily_digest()	b29dc5165993ca51b30186f7931fdbad
funcacl	public.dashboard_engagement_deep(in_days integer)	b29dc5165993ca51b30186f7931fdbad
funcacl	public.dashboard_errors(row_limit integer)	b29dc5165993ca51b30186f7931fdbad
funcacl	public.dashboard_executive_summary(in_days integer)	b29dc5165993ca51b30186f7931fdbad
funcacl	public.dashboard_export_headline(in_days integer)	b29dc5165993ca51b30186f7931fdbad
funcacl	public.dashboard_friction_engineering(in_days integer)	b29dc5165993ca51b30186f7931fdbad
funcacl	public.dashboard_funnel(in_days integer)	b29dc5165993ca51b30186f7931fdbad
funcacl	public.dashboard_gesture_quality(in_days integer)	b29dc5165993ca51b30186f7931fdbad
funcacl	public.dashboard_growth(in_days integer)	cc8e3afab0c8c17ee803911576118a70
funcacl	public.dashboard_ingest_latency(in_days integer)	b29dc5165993ca51b30186f7931fdbad
funcacl	public.dashboard_latest_sessions(row_limit integer)	b29dc5165993ca51b30186f7931fdbad
funcacl	public.dashboard_live()	b29dc5165993ca51b30186f7931fdbad
funcacl	public.dashboard_mastery(in_days integer, in_min_attempts integer)	b29dc5165993ca51b30186f7931fdbad
funcacl	public.dashboard_mastery_milestones(in_days integer, in_min_attempts integer, in_threshold_pct integer)	b29dc5165993ca51b30186f7931fdbad
funcacl	public.dashboard_mastery_summary(in_days integer)	b29dc5165993ca51b30186f7931fdbad
funcacl	public.dashboard_mastery_v2(in_days integer)	b29dc5165993ca51b30186f7931fdbad
funcacl	public.dashboard_observability(in_days integer)	b29dc5165993ca51b30186f7931fdbad
funcacl	public.dashboard_observations(in_days integer)	b29dc5165993ca51b30186f7931fdbad
funcacl	public.dashboard_pipeline_status(in_limit integer)	b29dc5165993ca51b30186f7931fdbad
funcacl	public.dashboard_progression_for_learner(in_device_id text)	b29dc5165993ca51b30186f7931fdbad
funcacl	public.dashboard_progression_top_learners(in_days integer, in_limit integer)	b29dc5165993ca51b30186f7931fdbad
funcacl	public.dashboard_public_proof()	9be66c6d9ed41f9d10745fe81c1fa29c
funcacl	public.dashboard_retention_deep()	b29dc5165993ca51b30186f7931fdbad
funcacl	public.dashboard_today()	b29dc5165993ca51b30186f7931fdbad
funcacl	public.dashboard_top_modes(in_days integer)	b29dc5165993ca51b30186f7931fdbad
funcacl	public.dashboard_tracker_health(in_days integer)	b29dc5165993ca51b30186f7931fdbad
funcacl	public.dashboard_transparency_report(in_days integer)	b29dc5165993ca51b30186f7931fdbad
funcacl	public.dashboard_transparency_signals(in_days integer)	b29dc5165993ca51b30186f7931fdbad
funcacl	public.dashboard_trust_strip(in_days integer)	b29dc5165993ca51b30186f7931fdbad
funcacl	public.export_family_data()	b29dc5165993ca51b30186f7931fdbad
funcacl	public.export_parent_data()	b29dc5165993ca51b30186f7931fdbad
funcacl	public.generate_network_fingerprint(in_ip text, in_secret text)	b29dc5165993ca51b30186f7931fdbad
funcacl	public.get_account_roles()	b29dc5165993ca51b30186f7931fdbad
funcacl	public.get_child_dashboard(p_child uuid)	b29dc5165993ca51b30186f7931fdbad
funcacl	public.get_effective_tier(teacher_id uuid)	b29dc5165993ca51b30186f7931fdbad
funcacl	public.get_email_cron_key()	b29dc5165993ca51b30186f7931fdbad
funcacl	public.get_parent_overview()	b29dc5165993ca51b30186f7931fdbad
funcacl	public.get_student_assignments(in_student_id uuid, in_session_id uuid)	b29dc5165993ca51b30186f7931fdbad
funcacl	public.get_student_class_state(in_student_id uuid, in_session_id uuid)	b29dc5165993ca51b30186f7931fdbad
funcacl	public.get_weekly_summary(p_child uuid)	b29dc5165993ca51b30186f7931fdbad
funcacl	public.handle_new_parent_user()	b29dc5165993ca51b30186f7931fdbad
funcacl	public.handle_new_teacher_user()	b29dc5165993ca51b30186f7931fdbad
funcacl	public.handle_new_user()	b29dc5165993ca51b30186f7931fdbad
funcacl	public.has_parent_role()	b29dc5165993ca51b30186f7931fdbad
funcacl	public.has_teacher_role()	b29dc5165993ca51b30186f7931fdbad
funcacl	public.initialize_teacher_trial()	b29dc5165993ca51b30186f7931fdbad
funcacl	public.is_admin_user(check_user_id uuid)	b29dc5165993ca51b30186f7931fdbad
funcacl	public.is_platform_admin()	b29dc5165993ca51b30186f7931fdbad
funcacl	public.is_school_admin(in_tenant uuid)	b29dc5165993ca51b30186f7931fdbad
funcacl	public.landing_public_proof()	9be66c6d9ed41f9d10745fe81c1fa29c
funcacl	public.learning_attempts_promote_meta()	9be66c6d9ed41f9d10745fe81c1fa29c
funcacl	public.lios_detect_anomalies_v1()	b29dc5165993ca51b30186f7931fdbad
funcacl	public.lios_detect_friction_v1(p_lookback interval)	b29dc5165993ca51b30186f7931fdbad
funcacl	public.lios_detect_mastery_episodes_v1(p_lookback interval)	b29dc5165993ca51b30186f7931fdbad
funcacl	public.lios_recommend_next(p_device_id text, p_session_id uuid, p_game_mode text, p_current_item text, p_was_correct boolean)	b29dc5165993ca51b30186f7931fdbad
funcacl	public.lios_record_observation(p_device_id text, p_focus_tags text[], p_affect_tags text[], p_independence_tags text[], p_social_tags text[], p_notable_tags text[], p_session_id uuid, p_classroom_code text, p_age_band text, p_note text, p_observer_role text)	b29dc5165993ca51b30186f7931fdbad
funcacl	public.lios_run_pipeline(p_lookback interval)	b29dc5165993ca51b30186f7931fdbad
funcacl	public.lios_score_unscored_attempts(p_lookback interval)	b29dc5165993ca51b30186f7931fdbad
funcacl	public.lios_update_elo_v1(p_lookback interval)	b29dc5165993ca51b30186f7931fdbad
funcacl	public.log_security_event(in_event_type text, in_metadata jsonb, in_ip_hash text, in_ua_hash text, in_country text)	b29dc5165993ca51b30186f7931fdbad
funcacl	public.normalize_ip_for_network(in_ip text)	b29dc5165993ca51b30186f7931fdbad
funcacl	public.parent_has_access(p_parent uuid)	b29dc5165993ca51b30186f7931fdbad
funcacl	public.parent_subscription_state(p_parent uuid)	b29dc5165993ca51b30186f7931fdbad
funcacl	public.pricing_amount_cents(p_interval text, p_active_children integer)	9be66c6d9ed41f9d10745fe81c1fa29c
funcacl	public.process_account_deletion_requests(p_limit integer)	b29dc5165993ca51b30186f7931fdbad
funcacl	public.record_consent(p_consent_type text, p_consent_version text, p_granted boolean)	b29dc5165993ca51b30186f7931fdbad
funcacl	public.register_parent()	b29dc5165993ca51b30186f7931fdbad
funcacl	public.register_teacher(in_full_name text, in_school_name text)	b29dc5165993ca51b30186f7931fdbad
funcacl	public.request_account_deletion()	b29dc5165993ca51b30186f7931fdbad
funcacl	public.request_child_deletion(p_child uuid)	b29dc5165993ca51b30186f7931fdbad
funcacl	public.restore_child_profile(p_child uuid)	b29dc5165993ca51b30186f7931fdbad
funcacl	public.session_lookup_by_code(in_code text)	b29dc5165993ca51b30186f7931fdbad
funcacl	public.session_set_network_fingerprint(in_session_id uuid, in_teacher_ip text)	b29dc5165993ca51b30186f7931fdbad
funcacl	public.session_validate_network(in_session_id uuid, in_network_fingerprint text)	b29dc5165993ca51b30186f7931fdbad
funcacl	public.set_classroom_default_activities(in_session_id uuid, in_activities text[])	b29dc5165993ca51b30186f7931fdbad
funcacl	public.set_session_school_id()	b29dc5165993ca51b30186f7931fdbad
funcacl	public.set_student_assignments(in_session_id uuid, in_student_id uuid, in_activities jsonb)	b29dc5165993ca51b30186f7931fdbad
funcacl	public.set_updated_at()	9be66c6d9ed41f9d10745fe81c1fa29c
funcacl	public.start_parent_trial(p_parent uuid)	b29dc5165993ca51b30186f7931fdbad
funcacl	public.sync_teacher_school_tier()	b29dc5165993ca51b30186f7931fdbad
funcacl	public.touch_class_children_updated_at()	9be66c6d9ed41f9d10745fe81c1fa29c
funcacl	public.user_tenant_ids()	b29dc5165993ca51b30186f7931fdbad
function	public._check_active_has_activity()	c59276392eb780aa054a3466389daa7e
function	public._class_assert_teacher(in_session_id uuid)	2b34424c629f788e4b8180493db0e147
function	public._ensure_tenant(in_kind text, in_owner uuid, in_name text)	89ced3850132cfecbeb8fa9375c459ad
function	public._get_child_skills(p_child uuid)	efe1b3e98f8e7b1767e26aa761d398e3
function	public._is_admin()	68ee1b526bff8f172d78014579c3a39b
function	public._stamp_child_tenant()	7afcf33144237b06cb9755c0347587ab
function	public._stamp_parent_profile_tenant()	0d7af25e978d5eabed7e19c7613ae798
function	public._stamp_parent_tenant()	e1abcfd45644e79143c7aca8929d0bdf
function	public._stamp_session_tenant()	c5e8679cac4ab9478c26ea578f6ab422
function	public._stamp_teacher_tenant()	1ec9d251aa4e3aa4a9ac0b8a401110fa
function	public.analytics_events_promote_meta()	f8006326e45853c51a1aaa9a6246e1a1
function	public.archive_child_profile(p_child uuid)	45f0e2de9f64c69fd5d1c099bf651abd
function	public.auth_owns_child(child uuid)	16bf32d9cf444172a6edb672c8e01c9a
function	public.bump_child_activity_summary()	e0758df01abfd34d45e26e7c454693b7
function	public.bump_child_learning_state()	9402d16278b017dc4b81cef5caf4ad4f
function	public.check_join_rate_limit(in_ip_hash text)	9a8c0cdf49ec59f63d6c2710091238d8
function	public.class_assign_token(in_session_id uuid, in_class_child_id uuid, in_token text)	b8430743ea9d108ca75b7f4714404519
function	public.class_child_anonymise(in_class_child_id uuid)	6db567afd7f5948c604da00db599853e
function	public.class_child_archive(in_class_child_id uuid)	823521b8cf97efd85f647606a9b824c0
function	public.class_child_delete(in_class_child_id uuid)	51ec6322103637d2374383de40eb77bd
function	public.class_delete_session(in_session_id uuid)	918858c1c733017bc3077dbd6ac21980
function	public.class_end_activity(in_session_id uuid)	b01ecc96446c59b2b199db263998899d
function	public.class_end_session(in_session_id uuid)	614dadb135dcf35f1a1aeb3fb8ad35ff
function	public.class_end_stale_sessions()	21357f544885ac689fae8ef6b2b9281c
function	public.class_get_activity(in_activity_id uuid)	bd30707520b2e47a2c0f0ed969f20307
function	public.class_get_self(in_student_id uuid)	04ac861e915cc1d23e345e7b1314a305
function	public.class_get_session(in_session_id uuid)	6e78ce15ad44d21a8557a269705b8fa7
function	public.class_join(in_session_id uuid, in_name text)	761978f85d35ca0bc6fae3f9ca7696bb
function	public.class_join_by_ip(in_session_id uuid, in_name text, in_client_ip text)	a22dc104d9e9787952010ea08abf00d3
function	public.class_join_with_network(in_session_id uuid, in_name text, in_network_fingerprint text)	d08167ae26cd84d402601318c052a3a1
function	public.class_join_with_token(in_session_id uuid, in_token text)	b8ed87270e98d00f5794a3be02463111
function	public.class_kick_student(in_session_id uuid, in_student_id uuid, in_reason text)	9d23ce7bd454231f15c426349ebb1e1c
function	public.class_pause_activity(in_session_id uuid)	34211b273593a89a7deb41a426f21b12
function	public.class_resume_activity(in_session_id uuid)	2988dae7f9b886ccf11e701af8949349
function	public.class_set_readiness(in_student_id uuid, in_state text)	db4d6a0df3857bc6935164cc6405cc3e
function	public.class_set_scoreboard_visibility(in_session_id uuid, in_visible boolean)	e44a2f28de555a17a2adef04f4ee7c62
function	public.class_start_activity(in_session_id uuid, in_activity text)	db99f7002539c952ed37d52974c62c3d
function	public.class_student_heartbeat(in_student_id uuid)	08f076290bb0d7bd7f9cd16cc650da5d
function	public.class_student_stats(in_session_id uuid, in_student_id uuid)	b12f9cbb73b3c36a5f3a9943d3316e80
function	public.class_summary(in_session_id uuid)	6ab55bedb70910d69454d66c285b3ad6
function	public.class_validate_join(in_code text, in_network_fingerprint text)	74b37399b2dbac9975452614f36db0b4
function	public.class_validate_join_by_ip(in_code text, in_client_ip text)	0a0bb5ffaac53b80351775635da758db
function	public.compute_billing_preview(p_interval text, p_active_children integer)	408f3e1025b8e0937e0aacdd576ea388
function	public.create_child_profile(p_nickname text, p_age_band text, p_learning_focus text, p_avatar text, p_preferred_hand text, p_consent_version text)	0a3402a590f46598988a14191eca1c1e
function	public.dashboard_ab_results(in_flag text)	febff013aa3ad6293689fe754644fc75
function	public.dashboard_adaptive_decisions(in_days integer)	3128629fe386b74de832a8e80bbd6b55
function	public.dashboard_anomaly_check()	9af5d3eadaea8734a50ea75131dcdd00
function	public.dashboard_classrooms(in_days integer)	bbda3cc4942f65dda53c566e4d07e1f7
function	public.dashboard_cohort_curves(in_weeks integer)	ac78db1f2ab574a3607a008465d63137
function	public.dashboard_cohort_retention(in_weeks integer)	4b15cf8d90da2e9edcfc59f93636e516
function	public.dashboard_context_split(in_days integer)	d1475c9356a30618ed6ffba0e0aedc10
function	public.dashboard_curriculum_coverage(in_days integer)	7405127e73560e9111ce3d14e686be76
function	public.dashboard_daily_digest()	01a390336b2c52289c21b8f03dcbbc44
function	public.dashboard_engagement_deep(in_days integer)	d342f321718fad4d0aac62eef2f6d4e3
function	public.dashboard_errors(row_limit integer)	ba4b8041f5238d82a2edb792e1769f97
function	public.dashboard_executive_summary(in_days integer)	441c0f06adff47dcae407aa420b44bae
function	public.dashboard_export_headline(in_days integer)	161515aec86d5ca74b8c7a55d34f1ce1
function	public.dashboard_friction_engineering(in_days integer)	a10b2d432b11bdde76804f710cad075f
function	public.dashboard_funnel(in_days integer)	7a4088c2b1be971e3218f0889f2c9337
function	public.dashboard_gesture_quality(in_days integer)	42c1acd19a2f0803f6b92003de05c955
function	public.dashboard_growth(in_days integer)	d80d29b4f6469156c1fb10e72eaab783
function	public.dashboard_ingest_latency(in_days integer)	443282189f9f0fb4fc090c9c804ed72e
function	public.dashboard_latest_sessions(row_limit integer)	d89097bd7707fac6e02ff3923a7a2f6b
function	public.dashboard_live()	61d796816a8f80002deb50f4430d0112
function	public.dashboard_mastery(in_days integer, in_min_attempts integer)	9e697ef6a91e60e391f4087aa52d3c1f
function	public.dashboard_mastery_milestones(in_days integer, in_min_attempts integer, in_threshold_pct integer)	6083bce901652e4c4ca318f5be9d88b1
function	public.dashboard_mastery_summary(in_days integer)	547e2132535fe601d5f3a0c81634022d
function	public.dashboard_mastery_v2(in_days integer)	6e9cfc4def2daf4f7cb907567ee5c446
function	public.dashboard_observability(in_days integer)	f2fc9e8b5cd8a36f9f310686f513dc17
function	public.dashboard_observations(in_days integer)	19e9007ff1ef4aba232343cbde065b0c
function	public.dashboard_pipeline_status(in_limit integer)	ddfeb486267b113d3578a6f9f0df6b8d
function	public.dashboard_progression_for_learner(in_device_id text)	a78b0e3b4c600a37801eabb7d679654e
function	public.dashboard_progression_top_learners(in_days integer, in_limit integer)	8dce5329f82bcff745eb3c6df9288b09
function	public.dashboard_public_proof()	6103eadf426e1319ef9bb265f7418eac
function	public.dashboard_retention_deep()	b62a2a67031b6394294b5f7cb10ed5ef
function	public.dashboard_today()	68f5f5bc9453d186eecef3d3b9f52e5e
function	public.dashboard_top_modes(in_days integer)	b53eb2bbcf5399f3643bbce5a9c0f4c1
function	public.dashboard_tracker_health(in_days integer)	4f15c3bbf52f41312e558482eead4b3c
function	public.dashboard_transparency_report(in_days integer)	aa3500118403c592ffcf6f7a95965d91
function	public.dashboard_transparency_signals(in_days integer)	9b11395e5ef5fb4169346eb68217ae37
function	public.dashboard_trust_strip(in_days integer)	ced41be63323c76c615dc45b7d6cf001
function	public.export_family_data()	b6706bd11a78431bd214134bb3961933
function	public.export_parent_data()	d9660804941bc37b703912ad7e1b183e
function	public.generate_network_fingerprint(in_ip text, in_secret text)	f5ccb09dc35d162ecffc330210cb65ab
function	public.get_account_roles()	c7f36413fb6a8d65110d28fe7713ab96
function	public.get_child_dashboard(p_child uuid)	29698a41a03250d01a51640591aaa147
function	public.get_effective_tier(teacher_id uuid)	2b514b5bacdb5f4993dcdc59511f43c0
function	public.get_email_cron_key()	921990557e34e872cb0161f179de49fc
function	public.get_parent_overview()	7ba2188be8b76509ada9ee99879edef5
function	public.get_student_assignments(in_student_id uuid, in_session_id uuid)	6cbd5949d8c9611e432c8340b6a9c904
function	public.get_student_class_state(in_student_id uuid, in_session_id uuid)	9233f7d24c05ca1e83bb4068575c356b
function	public.get_weekly_summary(p_child uuid)	4deea14249a5bfd493cb97a844958d8e
function	public.handle_new_parent_user()	59d502dcbde088a485d41dc438c71480
function	public.handle_new_teacher_user()	1ae53c23721f8d8945b88050f45379e6
function	public.handle_new_user()	42f8d570a347508f6ef38710f1e852d7
function	public.has_parent_role()	44d6ff12e24642d200685963da437d91
function	public.has_teacher_role()	e92128bbf862a8f485286b1370b27bd9
function	public.initialize_teacher_trial()	be5d519c5140b8cb5eba439d498edc21
function	public.is_admin_user(check_user_id uuid)	595e5c7a141704f3fde0b8529358654a
function	public.is_platform_admin()	777ff2a70cf1a0bc0df2f431771e629e
function	public.is_school_admin(in_tenant uuid)	9a71741a656803b89b8b3ced5da42afc
function	public.landing_public_proof()	cc6a55445b6e82e3c7b6b8456eb5f89c
function	public.learning_attempts_promote_meta()	d113ffc1bd6b44eee72e78aa5c6eefce
function	public.lios_detect_anomalies_v1()	9086875cad877fa6d5bf229aa1312759
function	public.lios_detect_friction_v1(p_lookback interval)	d18163d9d0876c64501432e916ec073e
function	public.lios_detect_mastery_episodes_v1(p_lookback interval)	3966de902eb4c60f9fcb13a8cac83636
function	public.lios_recommend_next(p_device_id text, p_session_id uuid, p_game_mode text, p_current_item text, p_was_correct boolean)	f3031cbb6920c9ec54ad5d80dad0dc40
function	public.lios_record_observation(p_device_id text, p_focus_tags text[], p_affect_tags text[], p_independence_tags text[], p_social_tags text[], p_notable_tags text[], p_session_id uuid, p_classroom_code text, p_age_band text, p_note text, p_observer_role text)	7e2792b9f018ada68c029e7a85d7e12d
function	public.lios_run_pipeline(p_lookback interval)	5c255649495ab4c2cc5ab50eeb91146d
function	public.lios_score_unscored_attempts(p_lookback interval)	8ce72144ebd383f2783ddc8da79b968f
function	public.lios_update_elo_v1(p_lookback interval)	fddf36f389d4fc749a11302e0bc75935
function	public.log_security_event(in_event_type text, in_metadata jsonb, in_ip_hash text, in_ua_hash text, in_country text)	a96e98cce3f8265950ecc1186292e51e
function	public.normalize_ip_for_network(in_ip text)	f9af4cca65ef921a21f0e7859880de06
function	public.parent_has_access(p_parent uuid)	e790a434e19fbb4cd5981cbd1e2c8a53
function	public.parent_subscription_state(p_parent uuid)	5feb7e54cd1c220fcd1ed62c82b14cfd
function	public.pricing_amount_cents(p_interval text, p_active_children integer)	b7641611e7d2ccfecfcf02a1fa318232
function	public.process_account_deletion_requests(p_limit integer)	532a2a26285c6456435408ea1661d384
function	public.record_consent(p_consent_type text, p_consent_version text, p_granted boolean)	d82ac015a219fa52622c73b99957c003
function	public.register_parent()	f53615ae16e99e40c1581b78c1fd76e0
function	public.register_teacher(in_full_name text, in_school_name text)	91de0be68abec0efd9542dbf966621e4
function	public.request_account_deletion()	66f88bf9869709e44feb256e8aef1ff2
function	public.request_child_deletion(p_child uuid)	9319d41b2ef5e2088dbde0dcead5387c
function	public.restore_child_profile(p_child uuid)	a37bd49826530281a34243dc733a6bcc
function	public.session_lookup_by_code(in_code text)	0f30ea6f50ebdf5635241ad38de1454f
function	public.session_set_network_fingerprint(in_session_id uuid, in_teacher_ip text)	5d6a7df02c60f3bbe16250cf0836d911
function	public.session_validate_network(in_session_id uuid, in_network_fingerprint text)	30e222fa7aeaac8acc5dbf2631a1d61d
function	public.set_classroom_default_activities(in_session_id uuid, in_activities text[])	ac0dfc3542133971a6eb39dbed05aa90
function	public.set_session_school_id()	289c2e9fddbe8fe9db6d52f3de2bd4e1
function	public.set_student_assignments(in_session_id uuid, in_student_id uuid, in_activities jsonb)	34381a5d5f69ecbcfc0567b380b9df88
function	public.set_updated_at()	951ec945d91bf2f78fce328f90840580
function	public.start_parent_trial(p_parent uuid)	77ccd8fba78b2aef984e3412d5b5c368
function	public.sync_teacher_school_tier()	3ec5550f65dd9d359494cb8def894926
function	public.touch_class_children_updated_at()	cf3d6de53148e73f8aa2b525643c5c03
function	public.user_tenant_ids()	a75df6c3f3f32eed9b1465c0744fe380
index	public.admin_alerts.admin_alerts_pkey	448ed848378e4c30404b31c898bf3165
index	public.analytics_events.analytics_events_attempt_idx	9878497ea4f16070424466adb9ed2cf3
index	public.analytics_events.analytics_events_device_idx	3356174c64c435b2060fd6e04c76dd2c
index	public.analytics_events.analytics_events_event_uid_uidx	8d5da0654482f4194fdab6319124d519
index	public.analytics_events.analytics_events_mode_idx	d8e776ee15d84c679b6f2e66d3174919
index	public.analytics_events.analytics_events_name_idx	c87baff374f6e4fac2f0560997c21e01
index	public.analytics_events.analytics_events_occurred_at_idx	c5982d33e2d6bcdd3c0847dda0088a0b
index	public.analytics_events.analytics_events_pkey	b834f5c65a922ba1f2a5ffbc27cb8a05
index	public.analytics_events.analytics_events_real_prod_idx	f69902367ce32f54e97cca5bf8979ad4
index	public.analytics_events.analytics_events_session_idx	408a2e5dc59d2b7e6f33c594bd18dab2
index	public.billing_events.billing_events_pkey	de170f49ad9b075833e1f8762f862d88
index	public.billing_events.billing_events_stripe_event_id_key	13b45d0a0ee0bd296a5b470a2726431f
index	public.billing_events.idx_billing_events_parent	2ac5d2256502e1dc65896152c453ccc3
index	public.broadcast_log.broadcast_log_pkey	ebb03ee493ed85e84bf28d1bd4ea3f36
index	public.child_activity_summary.child_activity_summary_child_profile_id_activity_key_key	b5971f053e612ca2c5a48ab73218c96b
index	public.child_activity_summary.child_activity_summary_pkey	bdb8ef34007f7e1795b1069062cbc156
index	public.child_activity_summary.idx_activity_summary_child	a03f5e6c205405b224765cca5706700c
index	public.child_learning_state.child_learning_state_pkey	2b736001c5c829dca50fcf50893ae492
index	public.child_profiles.child_profiles_pkey	57d96ad81d0f880940645f2f8946a7a2
index	public.child_profiles.idx_child_profiles_parent	51459dc3a3a053751f90d7d2b8f25a2a
index	public.child_profiles.idx_child_profiles_status	5d6ea3ecac29217b1d7becf5b0115857
index	public.child_profiles.idx_child_profiles_tenant	11552dcee1641a01388bbe5177f4a45f
index	public.class_children.class_children_pkey	9d9ea19010f72c258464297c8b744d66
index	public.class_children.class_children_teacher_idx	aac0173514de59e8e562158b5ace681b
index	public.class_session_tokens.class_session_tokens_pkey	1a6f98e5dad5791282fbdad4b14a604b
index	public.class_session_tokens.class_session_tokens_session_id_class_child_id_key	f45156bef1e44fc55b903de4ac694b2e
index	public.class_session_tokens.class_session_tokens_session_id_token_key	a029d3bead6acf35ef446bb5e092add4
index	public.classroom_default_activities.classroom_default_activities_pkey	cb061abaa2c25702cf6c58c0ce924a44
index	public.classroom_default_activities.classroom_default_activities_session_id_key	f8267bf064e0687d6bfb2a06bfc4fa2d
index	public.client_errors.client_errors_pkey	f9c66bcfe7a6e468e3bcea65a21f0523
index	public.client_errors.idx_client_errors_reported	962975b76a76acd69ebe05ac1f665832
index	public.client_errors.idx_client_errors_session_id	34fb73c329f06ce2d5ee22ec0a24de79
index	public.consent_records.consent_records_pkey	1570d3830875b251517e6b301f799ffd
index	public.consent_records.idx_consent_parent	19001429cb4fdefd7d126ee3afd84950
index	public.data_deletion_requests.data_deletion_requests_pkey	bd954d25f025a2978b8ca0ec0d703fa6
index	public.data_deletion_requests.data_deletion_requests_target_child_id_idx	121059325ffb22886c99462c7e22bf48
index	public.data_deletion_requests.idx_deletion_parent	6b9178db508888b6e880f8a6c0741fd2
index	public.form_submissions.form_submissions_pkey	a432fa82caa8e64ed99100864d54bcad
index	public.form_submissions.idx_form_submissions_created	a9f49acf7308a5a655febec3b58da903
index	public.human_observation_fact.human_observation_fact_pkey	90a271173e1a6b3345791b90114c6743
index	public.human_observation_fact.human_observation_recorded_idx	7bd45e4e7455b0f6615bcbc9fe095f08
index	public.item_difficulty.item_difficulty_pkey	1538b56f37195b697fad1a13301a6b1c
index	public.join_audit_log.join_audit_log_pkey	0d3e1feb535cc186d6902fcb0131a99a
index	public.join_rate_limits.join_rate_limits_pkey	faa798ea692089bb9d0f5f125a88f399
index	public.learning_attempts.idx_attempts_child	d69697160fc4446e524e5bab0ead16c8
index	public.learning_attempts.idx_learning_attempts_tenant	8aae77e566e218a422d7ab0ed2ca0fce
index	public.learning_attempts.learning_attempts_device_item_idx	b55bd5418763ff948e95cfd668cb5f0a
index	public.learning_attempts.learning_attempts_elo_pending_idx	a371896c3d7a5acb205573cada247da3
index	public.learning_attempts.learning_attempts_event_uid_uidx	b708b2b8bcffbfac96cb4a74a5aad1e9
index	public.learning_attempts.learning_attempts_mode_idx	95ec8cb05ac380213702cd6944949c79
index	public.learning_attempts.learning_attempts_pkey	a31ef3a3ade4fbb85721c23f79cd3b93
index	public.learning_attempts.learning_attempts_session_idx	ae2f9223a91bccdc5ffc09717d7e0e45
index	public.learning_attempts.learning_attempts_tier_idx	783a702c31ca4774f40772247358b709
index	public.learning_attempts.learning_attempts_unscored_idx	dc0b1c5957c97b770aca43b65bd71e08
index	public.lios_adaptive_decisions.lios_adaptive_decisions_device_idx	9a8da0d323bb57f3736657a083bac7f4
index	public.lios_adaptive_decisions.lios_adaptive_decisions_made_idx	d4e0419ef5ef18b072b49203790344f1
index	public.lios_adaptive_decisions.lios_adaptive_decisions_pkey	dac63bd94a1f786989bee9fa63d478d9
index	public.lios_anomaly_fact.lios_anomaly_detected_idx	2b6e2b3c3e23288dd31dd96392e7d7be
index	public.lios_anomaly_fact.lios_anomaly_fact_pkey	81eef2c6c05ba3e06cd66b7d8d8b8376
index	public.lios_anomaly_fact.lios_anomaly_metric_idx	0b32b4392eda15fa6d6d2d00e399875e
index	public.lios_pipeline_runs.lios_pipeline_runs_pkey	7760f4d9142fd223963442ac72442db7
index	public.lios_pipeline_runs.lios_pipeline_runs_time_idx	caa81c5ebbde66dc8c6e15d798b66096
index	public.mastery_episode_fact.mastery_episode_fact_pkey	f205a375da76c5157232bdc6775281f3
index	public.mastery_episode_fact.mastery_episode_learner_idx	fbef752999e817108e7f66d942de8062
index	public.mastery_episode_fact.mastery_episode_state_idx	bae622d579ed7a8f184ffd7c460ebda3
index	public.mastery_episode_fact.mastery_episode_time_idx	ca35e1b2c041e0ea4a4c0e881814fe7c
index	public.newsletter_subscribers.newsletter_subscribers_email_key	52e5e8749bd883fc5a6a12c8635359d0
index	public.newsletter_subscribers.newsletter_subscribers_pkey	d674ff3bef004386bfa65e30b328008a
index	public.parent_controls.idx_parent_controls_parent	1f5abc2419eee7baf4fdbf8c03d45104
index	public.parent_controls.parent_controls_pkey	ff8b7337138cc892eac097d83606773a
index	public.parent_profiles.parent_profiles_pkey	044de3cd9169fb0d8dea96b8bbad2635
index	public.parent_profiles.parent_profiles_stripe_customer_id_key	a57cc21b71e4627087f3c560655f83b7
index	public.parent_subscriptions.idx_parent_subscriptions_customer	92f2b445b42af57be29539370ad4ab44
index	public.parent_subscriptions.idx_parent_subscriptions_parent	04722ea2a94878fb7233b04a088a227e
index	public.parent_subscriptions.parent_subscriptions_parent_id_key	4b5f4c661352cd16a92d8e8ef8d53b98
index	public.parent_subscriptions.parent_subscriptions_pkey	3400fe616b288abf498f6f7177081fe7
index	public.parent_subscriptions.parent_subscriptions_stripe_subscription_id_key	3a391eee6894e17098e04dc8151fb4a5
index	public.platform_admins.platform_admins_pkey	65e8e60790f5db6b4cb76c40c868180d
index	public.platform_insights.platform_insights_pkey	79a64b7c6ae6511df96b78fce9965426
index	public.playlists.idx_playlists_school_id	922501c6b7747814a47e0c58ff8c1e4c
index	public.playlists.idx_playlists_teacher	f51d79bdbd3ab7d2585f085619fffcef
index	public.playlists.playlists_pkey	3bdafcf43d4317742b08c82a7239fafe
index	public.pricing_config.pricing_config_pkey	43bbc72ef5385d0722ee0f7bace4ee17
index	public.round_scores.idx_round_scores_activity	ca68e7db2742066729390b8e7e973fcf
index	public.round_scores.idx_round_scores_session_id	aaafc51feba3f97d42addab56b583258
index	public.round_scores.idx_round_scores_unique_submission	99e68edd83484585f6c1364a8a4c3836
index	public.round_scores.round_scores_activity_idx	f5e6da1d959b43abfc4a6cd7db778f01
index	public.round_scores.round_scores_pkey	11155e4240ed0548d744dba763303262
index	public.round_scores.round_scores_session_id_student_id_round_key	8a786d66684869fddca369084842f36c
index	public.round_scores.round_scores_session_idx	1d0bd1c4d94ab0c8e0468b4908b49291
index	public.round_scores.round_scores_student_idx	7fd6c9e00bd95caa221c3c10497f2183
index	public.school_invites.idx_school_invites_invited_by	a6f684b209ef26d41925b92d9d399eb4
index	public.school_invites.idx_school_invites_school_id	9015cb67ab65036f8af58f5ef6300788
index	public.school_invites.school_invites_pkey	5397a4bfb996694813f879901e35449e
index	public.school_invites.school_invites_token_key	1d093d7e864bce49f8a38c7ee6590c8f
index	public.school_teachers.idx_school_teachers_invited_by	384710fdf82d7ad0aef8e45efe352218
index	public.school_teachers.idx_school_teachers_school	46e03f039252ab0d5263dcbee2f72cda
index	public.school_teachers.idx_school_teachers_teacher	6f15b7669fbccbf64e4b7578bc167bfc
index	public.school_teachers.school_teachers_pkey	a46df5a670b08e7987dc8279f3678793
index	public.school_teachers.school_teachers_school_id_teacher_id_key	96cbc2394c56b0e15353016444e90691
index	public.schools.idx_schools_admin	2d182df2c1f25a669c1b82324525ae3a
index	public.schools.schools_pkey	a29367f2d8058cd80d4948e9460ab604
index	public.security_audit_log.idx_sec_audit_created	c15a9875f5be74e238369860bfd4275f
index	public.security_audit_log.idx_sec_audit_type	748ce11f51ebcd13a53cf2e7f6ca45a4
index	public.security_audit_log.idx_sec_audit_user	2a73fc996e652c8ef166123e17ce9e05
index	public.security_audit_log.security_audit_log_pkey	ff436df0b3ed35598aaf3484f0e5381d
index	public.session_activities.session_activities_pkey	aa786603f97a2bba19947268c6d503d3
index	public.session_activities.session_activities_session_id_ordinal_key	27bfb62a22aec1f8770f44d368cdcf36
index	public.session_activities.session_activities_session_idx	e4cabe10ff6c8cc6fdcc6a771ae2afd5
index	public.session_network_fingerprints.idx_network_fingerprints_hash	b4ec5d742a68c5acd16aaff142f9577a
index	public.session_network_fingerprints.idx_network_fingerprints_session	a0662fe9d1e572a1c1d50dcc3e505fb2
index	public.session_network_fingerprints.session_network_fingerprints_pkey	d696533d50173f2428cddf3941011168
index	public.session_network_fingerprints.session_network_fingerprints_session_id_key	9b611c1b9ee71331ed7e6dfd4dfc4d93
index	public.session_students.idx_session_students_tenant	07d743558c780d7cbbf565cf80ce5ca0
index	public.session_students.session_students_active_idx	d8125e301d5dd5bece0257d7d626b2c5
index	public.session_students.session_students_class_child_idx	1927c847acf363e8d8774c73506a462d
index	public.session_students.session_students_pkey	405483bca9bf880d575960cb618e9733
index	public.session_students.session_students_readiness_idx	3e0924489006b69824dad3f7ea616856
index	public.session_students.session_students_session_id_name_key	23f5d3d17636d8fc05b1bed817630556
index	public.session_students.session_students_session_idx	f504a35945e379d60a68d2ab1cd56af5
index	public.sessions.idx_sessions_school_id	a6798dce6d4940746c42fe0bce55e73d
index	public.sessions.idx_sessions_teacher_id	2f3123806b0d137652b4c21a0d52372f
index	public.sessions.idx_sessions_teacher_status	9e2a41926d051afc64d14645c7ee432f
index	public.sessions.idx_sessions_tenant	054d20a110585863849ad023dcb2404a
index	public.sessions.sessions_active_code_idx	a263752f199c1978a578bdfdf27ba4ed
index	public.sessions.sessions_current_activity_id_idx	655e54f17f93e927b6598582532901fa
index	public.sessions.sessions_pkey	acc2d09c0a2d3732d6e39a2486046695
index	public.sessions.sessions_playlist_id_idx	4b307dc4601cce39e28cbf754c130abc
index	public.sessions.sessions_teacher_idx	cdf2a94058462828dee9b7ba376a7aa9
index	public.skill_state.skill_state_device_idx	eb36fdd8ad4982bfc56560b5ab81d55c
index	public.skill_state.skill_state_item_idx	3a233553b92c4ac92fb5d63501f70335
index	public.skill_state.skill_state_pkey	31523071e18488495ca94574eb463415
index	public.skill_state_history.skill_state_history_pkey	87efe2dd18d53f5c9473d8d35abff025
index	public.stripe_price_map.stripe_price_map_pkey	52f2415252f3e862c11222aebf88dfb3
index	public.student_activity_assignments.idx_student_assignments_session_activity	66d3c9133a91425c7425fb9f60e1fd10
index	public.student_activity_assignments.idx_student_assignments_session_student_seq	8e5a622e28e173cf16243972c9ec3a30
index	public.student_activity_assignments.idx_student_assignments_student	42408d63c6bf3058437b9ca8bdde1b7a
index	public.student_activity_assignments.student_activity_assignments_pkey	8069236d556ee36441a396522e779909
index	public.student_activity_assignments.student_activity_assignments_student_id_activity_key	5971fe0606c012062b5e49766e52340f
index	public.teacher_insights.idx_teacher_insights_expires	c02afaedd62b057f9abaa6dfbee479e7
index	public.teacher_insights.idx_teacher_insights_teacher	07e86443494015c358843d4e9e84a9ed
index	public.teacher_insights.teacher_insights_pkey	2f796aa5e4e5fd932d7acdddbdb9d13e
index	public.teacher_profiles.teacher_profiles_auth_user_id_key	d095dac63ae4ddce5dee39fe04ba2105
index	public.teacher_profiles.teacher_profiles_pkey	33c82695bdf257c7225da4704b097a8d
index	public.teachers.idx_teachers_school_id	0ecfddddb4c9235b5e5bab60ece6794e
index	public.teachers.teachers_pkey	2fd30083ab4969de3c9402d7b2a817a6
index	public.tenant_members.tenant_members_pkey	d719fc4046807df59cc27d0dc8e4a35e
index	public.tenants.tenants_pkey	5284b9c618f8618b72a402ea2c593753
policy	public.admin_alerts.admin_alerts_select	2e905f2dcb66e7eb8cd11a71a84730a5
policy	public.admin_alerts.admin_alerts_update	aad64670c4bae5522aad719231f0ff62
policy	public.analytics_events.Anonymous insert analytics events	ba3447d5c1642103f432a39e2094aaf9
policy	public.analytics_events.analytics_events_select_admin	18f549de4e2eb149c3e085ccfa266833
policy	public.billing_events.billing_events_select	5fdc09f136a9efbdce553c385674f114
policy	public.child_activity_summary.cas_delete	00369db808390f7c55f330eae13988b2
policy	public.child_activity_summary.cas_insert	76f7451e1c797c4acfd477ef986233c3
policy	public.child_activity_summary.cas_select	c8d3b2c459e30c2f439ab7063740c9a6
policy	public.child_activity_summary.cas_update	2bb1a16818027a9c37b2b5d1e72b5660
policy	public.child_activity_summary.cas_write	dd7c20ce327b655f792e727fc2ff398d
policy	public.child_learning_state.cls_delete	00369db808390f7c55f330eae13988b2
policy	public.child_learning_state.cls_insert	76f7451e1c797c4acfd477ef986233c3
policy	public.child_learning_state.cls_select	c8d3b2c459e30c2f439ab7063740c9a6
policy	public.child_learning_state.cls_update	2bb1a16818027a9c37b2b5d1e72b5660
policy	public.child_learning_state.cls_write	dd7c20ce327b655f792e727fc2ff398d
policy	public.child_profiles.child_profiles_delete	c8bf1c57525519629ca8f23029117aac
policy	public.child_profiles.child_profiles_insert	6213aff291fb2d87de9f597eb878df09
policy	public.child_profiles.child_profiles_select	5fdc09f136a9efbdce553c385674f114
policy	public.child_profiles.child_profiles_update	e09a0724dff9d61a8f41eeb0d22cb603
policy	public.class_children.class_children_all_own	5afbfdd750ddef9861d378f34457a63e
policy	public.class_session_tokens.cst_teacher_rw	c3200aa75f2f3f49a8dcc274c363e0d7
policy	public.classroom_default_activities.Teacher manages classroom defaults	f789388f878d714d4d4a120491bc1461
policy	public.client_errors.client_errors_insert	7ab1e374851643144cb69637ad60ffd3
policy	public.client_errors.client_errors_select_admin	2e905f2dcb66e7eb8cd11a71a84730a5
policy	public.consent_records.consent_insert	6213aff291fb2d87de9f597eb878df09
policy	public.consent_records.consent_select	5fdc09f136a9efbdce553c385674f114
policy	public.consent_records.consent_update	e09a0724dff9d61a8f41eeb0d22cb603
policy	public.data_deletion_requests.deletion_insert	6213aff291fb2d87de9f597eb878df09
policy	public.data_deletion_requests.deletion_select	5fdc09f136a9efbdce553c385674f114
policy	public.form_submissions.Service role can insert form submissions	7ab1e374851643144cb69637ad60ffd3
policy	public.form_submissions.admin_read_form_submissions	2e905f2dcb66e7eb8cd11a71a84730a5
policy	public.human_observation_fact.Authenticated insert observations	90868d971afd63b06ede6956318d1a58
policy	public.human_observation_fact.observations_select_admin	18f549de4e2eb149c3e085ccfa266833
policy	public.item_difficulty.Authenticated select item_difficulty	943b3d7b5cde434470fad0d31621c38b
policy	public.join_audit_log.Teachers read join audit log for own sessions	578414de7b5b82b5dc667a8b9fa06c39
policy	public.join_audit_log.service_role write join audit log	e45c1a4dec8f55586621bcbf86ff6135
policy	public.learning_attempts.attempts_child_rows	bbb6fcc2a6c5631863785e064a7458c3
policy	public.learning_attempts.attempts_delete	c36fcb986bcbeb1c3782258061cf28f1
policy	public.learning_attempts.attempts_insert	3d38ece356b17ab5ca4734e8f702eacf
policy	public.learning_attempts.attempts_school_rows	2b41b3d72876bd1cbce3ff1b8b689429
policy	public.learning_attempts.attempts_select_scoped	0103202fed41633dbbad604836812b68
policy	public.learning_attempts.attempts_update	ab0181b26db981c043e98aad03d91a12
policy	public.lios_adaptive_decisions.adaptive_select_admin	18f549de4e2eb149c3e085ccfa266833
policy	public.lios_anomaly_fact.anomaly_select_admin	18f549de4e2eb149c3e085ccfa266833
policy	public.lios_pipeline_runs.lios_runs_select_admin	18f549de4e2eb149c3e085ccfa266833
policy	public.mastery_episode_fact.mastery_select_admin	18f549de4e2eb149c3e085ccfa266833
policy	public.newsletter_subscribers.Service role can insert subscribers	7ab1e374851643144cb69637ad60ffd3
policy	public.newsletter_subscribers.admin_read_newsletter_subscribers	2e905f2dcb66e7eb8cd11a71a84730a5
policy	public.parent_controls.controls_delete	86d9236fcf07984c034653589b1c8db5
policy	public.parent_controls.controls_insert	7d58c9736b621b6afe441ee860d9b885
policy	public.parent_controls.controls_select	5fdc09f136a9efbdce553c385674f114
policy	public.parent_controls.controls_update	63a4b4c9fa1c0d74b0fe30869875a938
policy	public.parent_controls.controls_write	a4488c4fcd5475b3128a73e09397c01f
policy	public.parent_profiles.parent_profiles_insert	0e4a992f6128c42b4b0efe90afadb2ef
policy	public.parent_profiles.parent_profiles_select	d5ceee884cf71bf484b3c002fc6a573b
policy	public.parent_profiles.parent_profiles_update	170145945d8cc7b43da31ed3c2af93b5
policy	public.parent_subscriptions.parent_subscriptions_select	5fdc09f136a9efbdce553c385674f114
policy	public.platform_admins.platform_admins_no_client	e638caf6b178d87c6c68feab6fc22c52
policy	public.platform_insights.platform_insights_admin	dd7d5aebb7e577da8d2ffb77dfa6d7e2
policy	public.playlists.playlists_delete_own	32f9ef496346c15151f96ab1e5b34472
policy	public.playlists.playlists_insert_pro	8daf1d0bb6145b7ae3663e000a1835b1
policy	public.playlists.playlists_select	a5379a8317baf969e244fc85d20c39a1
policy	public.playlists.playlists_update_own	490740021964b72608fa8494b0920895
policy	public.pricing_config.pricing_config_read	ea4ff22ab78859cf94e66fe8c91881dc
policy	public.round_scores.round_scores_select_scoped	e2b3737e804f51932bfff1d541ff6757
policy	public.round_scores.submit_score_active_session_only	978c719989b1463dfcf4a03bd8bce1d5
policy	public.school_invites.invites_insert_admin	b4898a164f2f4f7e6b3f5a07e0a82f05
policy	public.school_invites.invites_select	cea2146da10915cf72f914ae2814e8ce
policy	public.school_teachers.school_teachers_insert_admin	b4898a164f2f4f7e6b3f5a07e0a82f05
policy	public.school_teachers.school_teachers_select	5597e44ccf96216f312664ca17f6f716
policy	public.school_teachers.school_teachers_update_admin	2711c2d6274f59a7bb69d12fbc538fcb
policy	public.schools.schools_insert	a19e3a324853a47d9094cea29a631ce3
policy	public.schools.schools_select_own	b7c9e1feb28d61023011da669debb45f
policy	public.schools.schools_update_admin	0f7e77d23eba03289fa85780dc63a4b6
policy	public.security_audit_log.sec_audit_select_admin	18f549de4e2eb149c3e085ccfa266833
policy	public.security_audit_log.sec_audit_select_own	16113b655a558352f73dbcb58621450e
policy	public.session_activities.Read session activities by session	9d4bd0b4e6cea3343700091e6c57d71b
policy	public.session_students.join_active_session_only	d262b3f5cdae72dcc3abba8a92db07ac
policy	public.session_students.session_students_select_scoped	2359746330d6c761a875eb09fa23e2a7
policy	public.session_students.students_update_own_in_active_session	6ae2123f00d5a80b8ad8fcf17a075665
policy	public.sessions.sessions_delete_own	32f9ef496346c15151f96ab1e5b34472
policy	public.sessions.sessions_insert_teacher	42520d95a7a8803f9055957e168925e0
policy	public.sessions.sessions_select	1f7cf47c150cf255b088a76a98736e6f
policy	public.sessions.sessions_update_own	490740021964b72608fa8494b0920895
policy	public.skill_state.skill_state_select_admin	18f549de4e2eb149c3e085ccfa266833
policy	public.skill_state_history.skill_state_history_select_admin	18f549de4e2eb149c3e085ccfa266833
policy	public.stripe_price_map.stripe_price_map_read	6fe720997442eaa4b9fff6865564c6e8
policy	public.student_activity_assignments.Student reads own assignments	54178130287e8c98267750a357079806
policy	public.student_activity_assignments.Teacher manages own student assignments	0320c75e829b6e60160d52e61d6b8a15
policy	public.teacher_insights.insights_select_own	e85ba91fd2749968d505047f686cfcab
policy	public.teacher_insights.insights_update_dismiss	490740021964b72608fa8494b0920895
policy	public.teacher_profiles.teachers self-insert	bb27d689de69e10814a4756467bea539
policy	public.teacher_profiles.teachers self-select	41c5551a5ccc1e073ab985225179ba99
policy	public.teacher_profiles.teachers self-update	d94a58b72f4e589c242e9d843b8c95ee
policy	public.teachers.Teachers can update own row	75f631c0dac6f0a051c11a56ae1a5605
policy	public.teachers.teachers_insert_teacher_role	2270bae0b69763a4fc6e4b23daafbd5f
policy	public.teachers.teachers_select_own_or_admin	651e35a56d514158753b337a04e3440c
policy	public.tenant_members.tenant_members_select_own	16113b655a558352f73dbcb58621450e
policy	public.tenants.tenants_select_member	654a63aa931e6a82c2371e295a9d9f70
publication	supabase_realtime.*	0a1efba7f2c5df2960f33bc2a81d7e8b
schema	auth	b5ca80a68a4e5c593a14a4e5fbb38af1
schema	extensions	81deb544e4ce0f1bbd4569ff365adaa0
schema	graphql	1def166ce5135720c7482abaa919c3a2
schema	graphql_public	1def166ce5135720c7482abaa919c3a2
schema	public	7ae26ba9e2faf1a81d5ae4bf5f2a73f4
schema	realtime	b3cce157498ab60e05b348449d5bf524
schema	storage	5d70cc37ef703214cc83ea54ad21cb8e
schema	supabase_migrations	3e8e88ce6378a2cf4e6505f404109ef6
schema	vault	bf29b03ecae4c5d3b598428e1e46e404
table	public.admin_alerts	4205088126c937d5053ff051f386f500
table	public.analytics_events	4205088126c937d5053ff051f386f500
table	public.analytics_events_real	ec514e29f2e3aba7eef67f79c9bdcfac
table	public.billing_events	4205088126c937d5053ff051f386f500
table	public.broadcast_log	53e5de66e50c37b99e7462fd44c8c0bb
table	public.child_activity_summary	4205088126c937d5053ff051f386f500
table	public.child_learning_state	4205088126c937d5053ff051f386f500
table	public.child_profiles	4205088126c937d5053ff051f386f500
table	public.class_children	4205088126c937d5053ff051f386f500
table	public.class_session_tokens	78a114bc779eb4179d44863dc1f916df
table	public.classroom_default_activities	8b75bc85738f8b635a206956e0a9dd1e
table	public.client_errors	4205088126c937d5053ff051f386f500
table	public.consent_records	4205088126c937d5053ff051f386f500
table	public.dashboard_learner_progression	5fd45bec6f4fb5a811a0b1e33e38cda3
table	public.dashboard_trust_composition	76d51fc68c0c6eac2f7f291f33d71056
table	public.data_deletion_requests	4205088126c937d5053ff051f386f500
table	public.form_submissions	4205088126c937d5053ff051f386f500
table	public.human_observation_fact	4205088126c937d5053ff051f386f500
table	public.item_difficulty	4205088126c937d5053ff051f386f500
table	public.join_audit_log	3a4f5c7831fa91f3e37292a0b494fb2b
table	public.join_rate_limits	c0ef98ba0375c60a54b55dfd36781673
table	public.learning_attempts	4205088126c937d5053ff051f386f500
table	public.lios_adaptive_decisions	4205088126c937d5053ff051f386f500
table	public.lios_anomaly_fact	4205088126c937d5053ff051f386f500
table	public.lios_pipeline_runs	4205088126c937d5053ff051f386f500
table	public.lios_pipeline_runs_id_seq	0a9728bf5d6dc3d5c9a979c6d12e2d0a
table	public.mastery_episode_fact	4205088126c937d5053ff051f386f500
table	public.newsletter_subscribers	4205088126c937d5053ff051f386f500
table	public.parent_controls	4205088126c937d5053ff051f386f500
table	public.parent_profiles	4205088126c937d5053ff051f386f500
table	public.parent_subscriptions	4205088126c937d5053ff051f386f500
table	public.platform_admins	8319567effb1d4708163329b93dd7c4f
table	public.platform_insights	4205088126c937d5053ff051f386f500
table	public.playlists	4205088126c937d5053ff051f386f500
table	public.pricing_config	4205088126c937d5053ff051f386f500
table	public.round_scores	4205088126c937d5053ff051f386f500
table	public.school_invites	4205088126c937d5053ff051f386f500
table	public.school_teachers	4205088126c937d5053ff051f386f500
table	public.schools	4205088126c937d5053ff051f386f500
table	public.security_audit_log	7b355bf91d9c23f6f8ac0ae0643bd7f2
table	public.security_audit_log_id_seq	0a9728bf5d6dc3d5c9a979c6d12e2d0a
table	public.session_activities	4205088126c937d5053ff051f386f500
table	public.session_network_fingerprints	784788d52926b09a1af5e2ebc1c47ac3
table	public.session_students	4205088126c937d5053ff051f386f500
table	public.sessions	4205088126c937d5053ff051f386f500
table	public.skill_state	4205088126c937d5053ff051f386f500
table	public.skill_state_history	4205088126c937d5053ff051f386f500
table	public.stripe_price_map	4205088126c937d5053ff051f386f500
table	public.student_activity_assignments	5772b6a7ca9a17bb5bcbb3d9edb7af17
table	public.teacher_insights	4205088126c937d5053ff051f386f500
table	public.teacher_profiles	4205088126c937d5053ff051f386f500
table	public.teachers	4205088126c937d5053ff051f386f500
table	public.tenant_members	4205088126c937d5053ff051f386f500
table	public.tenants	4205088126c937d5053ff051f386f500
table	public.v_activity_performance	5fd45bec6f4fb5a811a0b1e33e38cda3
table	public.v_engagement_metrics	5fd45bec6f4fb5a811a0b1e33e38cda3
table	public.v_growth_metrics	5fd45bec6f4fb5a811a0b1e33e38cda3
table	public.v_school_overview	5fd45bec6f4fb5a811a0b1e33e38cda3
table	public.v_teacher_session_stats	5fd45bec6f4fb5a811a0b1e33e38cda3
tableacl	public.admin_alerts	4566a316ea02b6304f130f3621834787
tableacl	public.analytics_events	4566a316ea02b6304f130f3621834787
tableacl	public.analytics_events_real	4566a316ea02b6304f130f3621834787
tableacl	public.billing_events	4566a316ea02b6304f130f3621834787
tableacl	public.broadcast_log	4566a316ea02b6304f130f3621834787
tableacl	public.child_activity_summary	4566a316ea02b6304f130f3621834787
tableacl	public.child_learning_state	4566a316ea02b6304f130f3621834787
tableacl	public.child_profiles	4566a316ea02b6304f130f3621834787
tableacl	public.class_children	4566a316ea02b6304f130f3621834787
tableacl	public.class_session_tokens	4566a316ea02b6304f130f3621834787
tableacl	public.classroom_default_activities	4566a316ea02b6304f130f3621834787
tableacl	public.client_errors	4566a316ea02b6304f130f3621834787
tableacl	public.consent_records	4566a316ea02b6304f130f3621834787
tableacl	public.dashboard_learner_progression	4566a316ea02b6304f130f3621834787
tableacl	public.dashboard_trust_composition	4566a316ea02b6304f130f3621834787
tableacl	public.data_deletion_requests	4566a316ea02b6304f130f3621834787
tableacl	public.form_submissions	4566a316ea02b6304f130f3621834787
tableacl	public.human_observation_fact	4566a316ea02b6304f130f3621834787
tableacl	public.item_difficulty	4566a316ea02b6304f130f3621834787
tableacl	public.join_audit_log	4566a316ea02b6304f130f3621834787
tableacl	public.join_rate_limits	4566a316ea02b6304f130f3621834787
tableacl	public.learning_attempts	4566a316ea02b6304f130f3621834787
tableacl	public.lios_adaptive_decisions	4566a316ea02b6304f130f3621834787
tableacl	public.lios_anomaly_fact	4566a316ea02b6304f130f3621834787
tableacl	public.lios_pipeline_runs	4566a316ea02b6304f130f3621834787
tableacl	public.lios_pipeline_runs_id_seq	a964f98986c9c04915f7f934027a143d
tableacl	public.mastery_episode_fact	4566a316ea02b6304f130f3621834787
tableacl	public.newsletter_subscribers	4566a316ea02b6304f130f3621834787
tableacl	public.parent_controls	4566a316ea02b6304f130f3621834787
tableacl	public.parent_profiles	4566a316ea02b6304f130f3621834787
tableacl	public.parent_subscriptions	4566a316ea02b6304f130f3621834787
tableacl	public.platform_admins	4566a316ea02b6304f130f3621834787
tableacl	public.platform_insights	4566a316ea02b6304f130f3621834787
tableacl	public.playlists	4566a316ea02b6304f130f3621834787
tableacl	public.pricing_config	4566a316ea02b6304f130f3621834787
tableacl	public.round_scores	4566a316ea02b6304f130f3621834787
tableacl	public.school_invites	4566a316ea02b6304f130f3621834787
tableacl	public.school_teachers	4566a316ea02b6304f130f3621834787
tableacl	public.schools	4566a316ea02b6304f130f3621834787
tableacl	public.security_audit_log	4566a316ea02b6304f130f3621834787
tableacl	public.security_audit_log_id_seq	a964f98986c9c04915f7f934027a143d
tableacl	public.session_activities	4566a316ea02b6304f130f3621834787
tableacl	public.session_network_fingerprints	4566a316ea02b6304f130f3621834787
tableacl	public.session_students	4566a316ea02b6304f130f3621834787
tableacl	public.sessions	4566a316ea02b6304f130f3621834787
tableacl	public.skill_state	4566a316ea02b6304f130f3621834787
tableacl	public.skill_state_history	4566a316ea02b6304f130f3621834787
tableacl	public.stripe_price_map	4566a316ea02b6304f130f3621834787
tableacl	public.student_activity_assignments	4566a316ea02b6304f130f3621834787
tableacl	public.teacher_insights	4566a316ea02b6304f130f3621834787
tableacl	public.teacher_profiles	4566a316ea02b6304f130f3621834787
tableacl	public.teachers	4566a316ea02b6304f130f3621834787
tableacl	public.tenant_members	4566a316ea02b6304f130f3621834787
tableacl	public.tenants	4566a316ea02b6304f130f3621834787
tableacl	public.v_activity_performance	4566a316ea02b6304f130f3621834787
tableacl	public.v_engagement_metrics	4566a316ea02b6304f130f3621834787
tableacl	public.v_growth_metrics	4566a316ea02b6304f130f3621834787
tableacl	public.v_school_overview	4566a316ea02b6304f130f3621834787
tableacl	public.v_teacher_session_stats	4566a316ea02b6304f130f3621834787
trigger	public.analytics_events.trg_analytics_events_promote_meta	4b1133ee94ef771a0c17796b49be559d
trigger	public.billing_events.stamp_tenant	683c740b717341c48015cba167daa6c0
trigger	public.child_activity_summary.stamp_tenant	8edc76ac1d881fc72af9658be5502a3d
trigger	public.child_activity_summary.trg_child_activity_summary_updated	0b200b7f70561df823dfe80e583b730a
trigger	public.child_learning_state.stamp_tenant	41526de1951b6ff71d8c2282b90a2a62
trigger	public.child_learning_state.trg_child_learning_state_updated	81309afb1598b08fa434631929a1e2fe
trigger	public.child_profiles.stamp_tenant	eabd97a34db132f018ae2217decd127e
trigger	public.child_profiles.trg_child_profiles_updated	af1dcd20176cbfd2c5d7421c191caad9
trigger	public.class_children.trg_class_children_touch	2c5e1574a93346276baa04f1434cb559
trigger	public.consent_records.stamp_tenant	22f5459bfb900f40d776299087498430
trigger	public.data_deletion_requests.stamp_tenant	6b33bfa10cd65024dc0dafcc07ce7180
trigger	public.learning_attempts.stamp_tenant	ce93acd111a2403bcb2f8db824de6fdd
trigger	public.learning_attempts.trg_attempt_bumps_activity_summary	26d7c75693df87e71d742bebcba74799
trigger	public.learning_attempts.trg_attempt_bumps_learning_state	5b01df6b06290402719e25d3d67cc7c9
trigger	public.learning_attempts.trg_learning_attempts_promote_meta	bf43a25d978166835b969b085d712885
trigger	public.parent_controls.stamp_tenant	f0965e198d76a67b926cb18c4de1019a
trigger	public.parent_controls.trg_parent_controls_updated	d33cf6ad7e8241f32bd4ec84519f34a1
trigger	public.parent_profiles.stamp_tenant	63d0386a4542a8b2ea441fbc86b78900
trigger	public.parent_profiles.trg_parent_profiles_updated	e132feff94dec0eb264c3092532be929
trigger	public.parent_subscriptions.stamp_tenant	94ecd8f374a0ce2aaccdeaaf9ae1d0fb
trigger	public.parent_subscriptions.trg_parent_subscriptions_updated	3c16eb91fd96670802f1ba7bedb4698d
trigger	public.playlists.playlists_updated_at	d38a41dbda3427c5b5419560d28adf32
trigger	public.playlists.stamp_tenant	280cbc6395e21d6baa8ed18562992d20
trigger	public.pricing_config.trg_pricing_config_updated	cdaca57cf60ca6111e6f361633d79791
trigger	public.round_scores.stamp_tenant	3d7b5de5e8afff54fe9a6b37af92fec9
trigger	public.school_teachers.trg_sync_teacher_school_tier	b33984b7ea22f9a0f2a0ba6ca2b096b0
trigger	public.schools.schools_updated_at	2d880ff7cf835e00c793c633328fd089
trigger	public.session_activities.stamp_tenant	fc0d1b6facadcd2ef220a153e93a44f3
trigger	public.session_students.stamp_tenant	7bee8f29d9ef15fb4279e7a4a1935fb5
trigger	public.sessions.sessions_updated_at	77150877eb977cb0dca8dba8e9c300ce
trigger	public.sessions.stamp_tenant	e9f8fd5b982450420252a3b2b9d85d51
trigger	public.sessions.trg_sessions_check_active_has_activity	4ae9ff20c48c92f014bc73c0898927bf
trigger	public.sessions.trg_set_session_school_id	9e9619b8471dfd288019450d4f5bf8d0
trigger	public.stripe_price_map.trg_stripe_price_map_updated	0e8e6045eff3243eff70b7bc4749e394
trigger	public.teacher_insights.stamp_tenant	56ae301341e09b599abd29a4c00e3fac
trigger	public.teachers.teachers_updated_at	0f4b9302254b6c889675e4e179008714
trigger	public.teachers.trg_initialize_trial	dcabba0c9a99078cba5312ced5799acd
view	public.analytics_events_real	659118bfd57fe6670cccad46e26b18dc
view	public.dashboard_learner_progression	3c057c779c3da8ceaa0ad2e894c28ade
view	public.dashboard_trust_composition	48d6d4afd60aa5312ddc86c2b1bc0e2b
view	public.v_activity_performance	70b6751e48c6405f026103ddde7e78a3
view	public.v_engagement_metrics	3d939ef99acfe3dd1b62803a62790630
view	public.v_growth_metrics	eea702a29846df631c951af60d87b675
view	public.v_school_overview	b07bd5d3f9b561658c87f999df844996
view	public.v_teacher_session_stats	b39cb0fdb170dfcad3658d270697d3a2